市区町村コード,市区町村名,値,調査年,出典
01100,北海道 札幌市,478300,2023,住宅・土地統計調査(2023)
01202,北海道 函館市,68490,2023,住宅・土地統計調査(2023)
01203,北海道 小樽市,35080,2023,住宅・土地統計調査(2023)
01204,北海道 旭川市,91650,2023,住宅・土地統計調査(2023)
01205,北海道 室蘭市,21250,2023,住宅・土地統計調査(2023)
01206,北海道 釧路市,42170,2023,住宅・土地統計調査(2023)
01207,北海道 帯広市,43400,2023,住宅・土地統計調査(2023)
01208,北海道 北見市,32100,2023,住宅・土地統計調査(2023)
01209,北海道 夕張市,1550,2023,住宅・土地統計調査(2023)
01210,北海道 岩見沢市,22720,2023,住宅・土地統計調査(2023)
01211,北海道 網走市,8120,2023,住宅・土地統計調査(2023)
01212,北海道 留萌市,4960,2023,住宅・土地統計調査(2023)
01213,北海道 苫小牧市,42330,2023,住宅・土地統計調査(2023)
01214,北海道 稚内市,8990,2023,住宅・土地統計調査(2023)
01215,北海道 美唄市,6070,2023,住宅・土地統計調査(2023)
01216,北海道 芦別市,3950,2023,住宅・土地統計調査(2023)
01217,北海道 江別市,34530,2023,住宅・土地統計調査(2023)
01218,北海道 赤平市,2440,2023,住宅・土地統計調査(2023)
01219,北海道 紋別市,6690,2023,住宅・土地統計調査(2023)
01220,北海道 士別市,5580,2023,住宅・土地統計調査(2023)
01221,北海道 名寄市,7140,2023,住宅・土地統計調査(2023)
01222,北海道 三笠市,2250,2023,住宅・土地統計調査(2023)
01223,北海道 根室市,6670,2023,住宅・土地統計調査(2023)
01224,北海道 千歳市,22760,2023,住宅・土地統計調査(2023)
01225,北海道 滝川市,9920,2023,住宅・土地統計調査(2023)
01226,北海道 砂川市,4670,2023,住宅・土地統計調査(2023)
01227,北海道 歌志内市,650,2023,住宅・土地統計調査(2023)
01228,北海道 深川市,6120,2023,住宅・土地統計調査(2023)
01229,北海道 富良野市,5640,2023,住宅・土地統計調査(2023)
01230,北海道 登別市,13220,2023,住宅・土地統計調査(2023)
01231,北海道 恵庭市,18880,2023,住宅・土地統計調査(2023)
01233,北海道 伊達市,9590,2023,住宅・土地統計調査(2023)
01234,北海道 北広島市,18040,2023,住宅・土地統計調査(2023)
01235,北海道 石狩市,18980,2023,住宅・土地統計調査(2023)
01236,北海道 北斗市,12610,2023,住宅・土地統計調査(2023)
01303,北海道 当別町,5090,2023,住宅・土地統計調査(2023)
01304,北海道 新篠津村,-,2023,住宅・土地統計調査(2023)
01331,北海道 松前町,-,2023,住宅・土地統計調査(2023)
01332,北海道 福島町,-,2023,住宅・土地統計調査(2023)
01333,北海道 知内町,-,2023,住宅・土地統計調査(2023)
01334,北海道 木古内町,-,2023,住宅・土地統計調査(2023)
01337,北海道 七飯町,9640,2023,住宅・土地統計調査(2023)
01343,北海道 鹿部町,-,2023,住宅・土地統計調査(2023)
01345,北海道 森町,-,2023,住宅・土地統計調査(2023)
01346,北海道 八雲町,4350,2023,住宅・土地統計調査(2023)
01347,北海道 長万部町,-,2023,住宅・土地統計調査(2023)
01361,北海道 江差町,-,2023,住宅・土地統計調査(2023)
01362,北海道 上ノ国町,-,2023,住宅・土地統計調査(2023)
01363,北海道 厚沢部町,-,2023,住宅・土地統計調査(2023)
01364,北海道 乙部町,-,2023,住宅・土地統計調査(2023)
01367,北海道 奥尻町,-,2023,住宅・土地統計調査(2023)
01370,北海道 今金町,-,2023,住宅・土地統計調査(2023)
01371,北海道 せたな町,-,2023,住宅・土地統計調査(2023)
01391,北海道 島牧村,-,2023,住宅・土地統計調査(2023)
01392,北海道 寿都町,-,2023,住宅・土地統計調査(2023)
01393,北海道 黒松内町,-,2023,住宅・土地統計調査(2023)
01394,北海道 蘭越町,-,2023,住宅・土地統計調査(2023)
01395,北海道 ニセコ町,-,2023,住宅・土地統計調査(2023)
01396,北海道 真狩村,-,2023,住宅・土地統計調査(2023)
01397,北海道 留寿都村,-,2023,住宅・土地統計調査(2023)
01398,北海道 喜茂別町,-,2023,住宅・土地統計調査(2023)
01399,北海道 京極町,-,2023,住宅・土地統計調査(2023)
01400,北海道 倶知安町,2850,2023,住宅・土地統計調査(2023)
01401,北海道 共和町,-,2023,住宅・土地統計調査(2023)
01402,北海道 岩内町,-,2023,住宅・土地統計調査(2023)
01403,北海道 泊村,-,2023,住宅・土地統計調査(2023)
01404,北海道 神恵内村,-,2023,住宅・土地統計調査(2023)
01405,北海道 積丹町,-,2023,住宅・土地統計調査(2023)
01406,北海道 古平町,-,2023,住宅・土地統計調査(2023)
01407,北海道 仁木町,-,2023,住宅・土地統計調査(2023)
01408,北海道 余市町,5130,2023,住宅・土地統計調査(2023)
01409,北海道 赤井川村,-,2023,住宅・土地統計調査(2023)
01423,北海道 南幌町,-,2023,住宅・土地統計調査(2023)
01424,北海道 奈井江町,-,2023,住宅・土地統計調査(2023)
01425,北海道 上砂川町,-,2023,住宅・土地統計調査(2023)
01427,北海道 由仁町,-,2023,住宅・土地統計調査(2023)
01428,北海道 長沼町,-,2023,住宅・土地統計調査(2023)
01429,北海道 栗山町,-,2023,住宅・土地統計調査(2023)
01430,北海道 月形町,-,2023,住宅・土地統計調査(2023)
01431,北海道 浦臼町,-,2023,住宅・土地統計調査(2023)
01432,北海道 新十津川町,-,2023,住宅・土地統計調査(2023)
01433,北海道 妹背牛町,-,2023,住宅・土地統計調査(2023)
01434,北海道 秩父別町,-,2023,住宅・土地統計調査(2023)
01436,北海道 雨竜町,-,2023,住宅・土地統計調査(2023)
01437,北海道 北竜町,-,2023,住宅・土地統計調査(2023)
01438,北海道 沼田町,-,2023,住宅・土地統計調査(2023)
01452,北海道 鷹栖町,-,2023,住宅・土地統計調査(2023)
01453,北海道 東神楽町,-,2023,住宅・土地統計調査(2023)
01454,北海道 当麻町,-,2023,住宅・土地統計調査(2023)
01455,北海道 比布町,-,2023,住宅・土地統計調査(2023)
01456,北海道 愛別町,-,2023,住宅・土地統計調査(2023)
01457,北海道 上川町,-,2023,住宅・土地統計調査(2023)
01458,北海道 東川町,-,2023,住宅・土地統計調査(2023)
01459,北海道 美瑛町,-,2023,住宅・土地統計調査(2023)
01460,北海道 上富良野町,-,2023,住宅・土地統計調査(2023)
01461,北海道 中富良野町,-,2023,住宅・土地統計調査(2023)
01462,北海道 南富良野町,-,2023,住宅・土地統計調査(2023)
01463,北海道 占冠村,-,2023,住宅・土地統計調査(2023)
01464,北海道 和寒町,-,2023,住宅・土地統計調査(2023)
01465,北海道 剣淵町,-,2023,住宅・土地統計調査(2023)
01468,北海道 下川町,-,2023,住宅・土地統計調査(2023)
01469,北海道 美深町,-,2023,住宅・土地統計調査(2023)
01470,北海道 音威子府村,-,2023,住宅・土地統計調査(2023)
01471,北海道 中川町,-,2023,住宅・土地統計調査(2023)
01472,北海道 幌加内町,-,2023,住宅・土地統計調査(2023)
01481,北海道 増毛町,-,2023,住宅・土地統計調査(2023)
01482,北海道 小平町,-,2023,住宅・土地統計調査(2023)
01483,北海道 苫前町,-,2023,住宅・土地統計調査(2023)
01484,北海道 羽幌町,-,2023,住宅・土地統計調査(2023)
01485,北海道 初山別村,-,2023,住宅・土地統計調査(2023)
01486,北海道 遠別町,-,2023,住宅・土地統計調査(2023)
01487,北海道 天塩町,-,2023,住宅・土地統計調査(2023)
01511,北海道 猿払村,-,2023,住宅・土地統計調査(2023)
01512,北海道 浜頓別町,-,2023,住宅・土地統計調査(2023)
01513,北海道 中頓別町,-,2023,住宅・土地統計調査(2023)
01514,北海道 枝幸町,-,2023,住宅・土地統計調査(2023)
01516,北海道 豊富町,-,2023,住宅・土地統計調査(2023)
01517,北海道 礼文町,-,2023,住宅・土地統計調査(2023)
01518,北海道 利尻町,-,2023,住宅・土地統計調査(2023)
01519,北海道 利尻富士町,-,2023,住宅・土地統計調査(2023)
01520,北海道 幌延町,-,2023,住宅・土地統計調査(2023)
01543,北海道 美幌町,5330,2023,住宅・土地統計調査(2023)
01544,北海道 津別町,-,2023,住宅・土地統計調査(2023)
01545,北海道 斜里町,-,2023,住宅・土地統計調査(2023)
01546,北海道 清里町,-,2023,住宅・土地統計調査(2023)
01547,北海道 小清水町,-,2023,住宅・土地統計調査(2023)
01549,北海道 訓子府町,-,2023,住宅・土地統計調査(2023)
01550,北海道 置戸町,-,2023,住宅・土地統計調査(2023)
01552,北海道 佐呂間町,-,2023,住宅・土地統計調査(2023)
01555,北海道 遠軽町,6000,2023,住宅・土地統計調査(2023)
01559,北海道 湧別町,-,2023,住宅・土地統計調査(2023)
01560,北海道 滝上町,-,2023,住宅・土地統計調査(2023)
01561,北海道 興部町,-,2023,住宅・土地統計調査(2023)
01562,北海道 西興部村,-,2023,住宅・土地統計調査(2023)
01563,北海道 雄武町,-,2023,住宅・土地統計調査(2023)
01564,北海道 大空町,-,2023,住宅・土地統計調査(2023)
01571,北海道 豊浦町,-,2023,住宅・土地統計調査(2023)
01575,北海道 壮瞥町,-,2023,住宅・土地統計調査(2023)
01578,北海道 白老町,6300,2023,住宅・土地統計調査(2023)
01581,北海道 厚真町,-,2023,住宅・土地統計調査(2023)
01584,北海道 洞爺湖町,-,2023,住宅・土地統計調査(2023)
01585,北海道 安平町,-,2023,住宅・土地統計調査(2023)
01586,北海道 むかわ町,-,2023,住宅・土地統計調査(2023)
01601,北海道 日高町,-,2023,住宅・土地統計調査(2023)
01602,北海道 平取町,-,2023,住宅・土地統計調査(2023)
01604,北海道 新冠町,-,2023,住宅・土地統計調査(2023)
01607,北海道 浦河町,-,2023,住宅・土地統計調査(2023)
01608,北海道 様似町,-,2023,住宅・土地統計調査(2023)
01609,北海道 えりも町,-,2023,住宅・土地統計調査(2023)
01610,北海道 新ひだか町,6060,2023,住宅・土地統計調査(2023)
01631,北海道 音更町,12890,2023,住宅・土地統計調査(2023)
01632,北海道 士幌町,-,2023,住宅・土地統計調査(2023)
01633,北海道 上士幌町,-,2023,住宅・土地統計調査(2023)
01634,北海道 鹿追町,-,2023,住宅・土地統計調査(2023)
01635,北海道 新得町,-,2023,住宅・土地統計調査(2023)
01636,北海道 清水町,-,2023,住宅・土地統計調査(2023)
01637,北海道 芽室町,5460,2023,住宅・土地統計調査(2023)
01638,北海道 中札内村,-,2023,住宅・土地統計調査(2023)
01639,北海道 更別村,-,2023,住宅・土地統計調査(2023)
01641,北海道 大樹町,-,2023,住宅・土地統計調査(2023)
01642,北海道 広尾町,-,2023,住宅・土地統計調査(2023)
01643,北海道 幕別町,7930,2023,住宅・土地統計調査(2023)
01644,北海道 池田町,-,2023,住宅・土地統計調査(2023)
01645,北海道 豊頃町,-,2023,住宅・土地統計調査(2023)
01646,北海道 本別町,-,2023,住宅・土地統計調査(2023)
01647,北海道 足寄町,-,2023,住宅・土地統計調査(2023)
01648,北海道 陸別町,-,2023,住宅・土地統計調査(2023)
01649,北海道 浦幌町,-,2023,住宅・土地統計調査(2023)
01661,北海道 釧路町,6220,2023,住宅・土地統計調査(2023)
01662,北海道 厚岸町,-,2023,住宅・土地統計調査(2023)
01663,北海道 浜中町,-,2023,住宅・土地統計調査(2023)
01664,北海道 標茶町,-,2023,住宅・土地統計調査(2023)
01665,北海道 弟子屈町,-,2023,住宅・土地統計調査(2023)
01667,北海道 鶴居村,-,2023,住宅・土地統計調査(2023)
01668,北海道 白糠町,-,2023,住宅・土地統計調査(2023)
01691,北海道 別海町,-,2023,住宅・土地統計調査(2023)
01692,北海道 中標津町,6190,2023,住宅・土地統計調査(2023)
01693,北海道 標津町,-,2023,住宅・土地統計調査(2023)
01694,北海道 羅臼町,-,2023,住宅・土地統計調査(2023)
02201,青森県 青森市,76230,2023,住宅・土地統計調査(2023)
02202,青森県 弘前市,44170,2023,住宅・土地統計調査(2023)
02203,青森県 八戸市,60970,2023,住宅・土地統計調査(2023)
02204,青森県 黒石市,9190,2023,住宅・土地統計調査(2023)
02205,青森県 五所川原市,14900,2023,住宅・土地統計調査(2023)
02206,青森県 十和田市,17730,2023,住宅・土地統計調査(2023)
02207,青森県 三沢市,9860,2023,住宅・土地統計調査(2023)
02208,青森県 むつ市,16360,2023,住宅・土地統計調査(2023)
02209,青森県 つがる市,8270,2023,住宅・土地統計調査(2023)
02210,青森県 平川市,9480,2023,住宅・土地統計調査(2023)
02301,青森県 平内町,-,2023,住宅・土地統計調査(2023)
02303,青森県 今別町,-,2023,住宅・土地統計調査(2023)
02304,青森県 蓬田村,-,2023,住宅・土地統計調査(2023)
02307,青森県 外ヶ浜町,-,2023,住宅・土地統計調査(2023)
02321,青森県 鰺ヶ沢町,-,2023,住宅・土地統計調査(2023)
02323,青森県 深浦町,-,2023,住宅・土地統計調査(2023)
02343,青森県 西目屋村,-,2023,住宅・土地統計調査(2023)
02361,青森県 藤崎町,-,2023,住宅・土地統計調査(2023)
02362,青森県 大鰐町,-,2023,住宅・土地統計調査(2023)
02367,青森県 田舎館村,-,2023,住宅・土地統計調査(2023)
02381,青森県 板柳町,-,2023,住宅・土地統計調査(2023)
02384,青森県 鶴田町,-,2023,住宅・土地統計調査(2023)
02387,青森県 中泊町,-,2023,住宅・土地統計調査(2023)
02401,青森県 野辺地町,-,2023,住宅・土地統計調査(2023)
02402,青森県 七戸町,-,2023,住宅・土地統計調査(2023)
02405,青森県 六戸町,-,2023,住宅・土地統計調査(2023)
02406,青森県 横浜町,-,2023,住宅・土地統計調査(2023)
02408,青森県 東北町,4820,2023,住宅・土地統計調査(2023)
02411,青森県 六ヶ所村,-,2023,住宅・土地統計調査(2023)
02412,青森県 おいらせ町,6910,2023,住宅・土地統計調査(2023)
02423,青森県 大間町,-,2023,住宅・土地統計調査(2023)
02424,青森県 東通村,-,2023,住宅・土地統計調査(2023)
02425,青森県 風間浦村,-,2023,住宅・土地統計調査(2023)
02426,青森県 佐井村,-,2023,住宅・土地統計調査(2023)
02441,青森県 三戸町,-,2023,住宅・土地統計調査(2023)
02442,青森県 五戸町,4950,2023,住宅・土地統計調査(2023)
02443,青森県 田子町,-,2023,住宅・土地統計調査(2023)
02445,青森県 南部町,5280,2023,住宅・土地統計調査(2023)
02446,青森県 階上町,-,2023,住宅・土地統計調査(2023)
02450,青森県 新郷村,-,2023,住宅・土地統計調査(2023)
03201,岩手県 盛岡市,73970,2023,住宅・土地統計調査(2023)
03202,岩手県 宮古市,13810,2023,住宅・土地統計調査(2023)
03203,岩手県 大船渡市,9870,2023,住宅・土地統計調査(2023)
03205,岩手県 花巻市,26310,2023,住宅・土地統計調査(2023)
03206,岩手県 北上市,23850,2023,住宅・土地統計調査(2023)
03207,岩手県 久慈市,9500,2023,住宅・土地統計調査(2023)
03208,岩手県 遠野市,7460,2023,住宅・土地統計調査(2023)
03209,岩手県 一関市,31540,2023,住宅・土地統計調査(2023)
03210,岩手県 陸前高田市,5470,2023,住宅・土地統計調査(2023)
03211,岩手県 釜石市,9400,2023,住宅・土地統計調査(2023)
03213,岩手県 二戸市,7480,2023,住宅・土地統計調査(2023)
03214,岩手県 八幡平市,6880,2023,住宅・土地統計調査(2023)
03215,岩手県 奥州市,31780,2023,住宅・土地統計調査(2023)
03216,岩手県 滝沢市,16400,2023,住宅・土地統計調査(2023)
03301,岩手県 雫石町,4390,2023,住宅・土地統計調査(2023)
03302,岩手県 葛巻町,-,2023,住宅・土地統計調査(2023)
03303,岩手県 岩手町,-,2023,住宅・土地統計調査(2023)
03321,岩手県 紫波町,10160,2023,住宅・土地統計調査(2023)
03322,岩手県 矢巾町,6860,2023,住宅・土地統計調査(2023)
03366,岩手県 西和賀町,-,2023,住宅・土地統計調査(2023)
03381,岩手県 金ケ崎町,4270,2023,住宅・土地統計調査(2023)
03402,岩手県 平泉町,-,2023,住宅・土地統計調査(2023)
03441,岩手県 住田町,-,2023,住宅・土地統計調査(2023)
03461,岩手県 大槌町,-,2023,住宅・土地統計調査(2023)
03482,岩手県 山田町,-,2023,住宅・土地統計調査(2023)
03483,岩手県 岩泉町,-,2023,住宅・土地統計調査(2023)
03484,岩手県 田野畑村,-,2023,住宅・土地統計調査(2023)
03485,岩手県 普代村,-,2023,住宅・土地統計調査(2023)
03501,岩手県 軽米町,-,2023,住宅・土地統計調査(2023)
03503,岩手県 野田村,-,2023,住宅・土地統計調査(2023)
03506,岩手県 九戸村,-,2023,住宅・土地統計調査(2023)
03507,岩手県 洋野町,4850,2023,住宅・土地統計調査(2023)
03524,岩手県 一戸町,-,2023,住宅・土地統計調査(2023)
04100,宮城県 仙台市,262300,2023,住宅・土地統計調査(2023)
04202,宮城県 石巻市,37220,2023,住宅・土地統計調査(2023)
04203,宮城県 塩竈市,15220,2023,住宅・土地統計調査(2023)
04205,宮城県 気仙沼市,17320,2023,住宅・土地統計調査(2023)
04206,宮城県 白石市,9080,2023,住宅・土地統計調査(2023)
04207,宮城県 名取市,20100,2023,住宅・土地統計調査(2023)
04208,宮城県 角田市,8050,2023,住宅・土地統計調査(2023)
04209,宮城県 多賀城市,15680,2023,住宅・土地統計調査(2023)
04211,宮城県 岩沼市,11110,2023,住宅・土地統計調査(2023)
04212,宮城県 登米市,20150,2023,住宅・土地統計調査(2023)
04213,宮城県 栗原市,18470,2023,住宅・土地統計調査(2023)
04214,宮城県 東松島市,10190,2023,住宅・土地統計調査(2023)
04215,宮城県 大崎市,32930,2023,住宅・土地統計調査(2023)
04216,宮城県 富谷市,15130,2023,住宅・土地統計調査(2023)
04301,宮城県 蔵王町,-,2023,住宅・土地統計調査(2023)
04302,宮城県 七ヶ宿町,-,2023,住宅・土地統計調査(2023)
04321,宮城県 大河原町,6520,2023,住宅・土地統計調査(2023)
04322,宮城県 村田町,-,2023,住宅・土地統計調査(2023)
04323,宮城県 柴田町,10090,2023,住宅・土地統計調査(2023)
04324,宮城県 川崎町,-,2023,住宅・土地統計調査(2023)
04341,宮城県 丸森町,-,2023,住宅・土地統計調査(2023)
04361,宮城県 亘理町,10060,2023,住宅・土地統計調査(2023)
04362,宮城県 山元町,-,2023,住宅・土地統計調査(2023)
04401,宮城県 松島町,-,2023,住宅・土地統計調査(2023)
04404,宮城県 七ヶ浜町,5580,2023,住宅・土地統計調査(2023)
04406,宮城県 利府町,9890,2023,住宅・土地統計調査(2023)
04421,宮城県 大和町,6870,2023,住宅・土地統計調査(2023)
04422,宮城県 大郷町,-,2023,住宅・土地統計調査(2023)
04424,宮城県 大衡村,-,2023,住宅・土地統計調査(2023)
04444,宮城県 色麻町,-,2023,住宅・土地統計調査(2023)
04445,宮城県 加美町,6170,2023,住宅・土地統計調査(2023)
04501,宮城県 涌谷町,4420,2023,住宅・土地統計調査(2023)
04505,宮城県 美里町,7040,2023,住宅・土地統計調査(2023)
04581,宮城県 女川町,-,2023,住宅・土地統計調査(2023)
04606,宮城県 南三陸町,-,2023,住宅・土地統計調査(2023)
05201,秋田県 秋田市,90290,2023,住宅・土地統計調査(2023)
05202,秋田県 能代市,15210,2023,住宅・土地統計調査(2023)
05203,秋田県 横手市,24800,2023,住宅・土地統計調査(2023)
05204,秋田県 大館市,21090,2023,住宅・土地統計調査(2023)
05206,秋田県 男鹿市,8960,2023,住宅・土地統計調査(2023)
05207,秋田県 湯沢市,12910,2023,住宅・土地統計調査(2023)
05209,秋田県 鹿角市,9270,2023,住宅・土地統計調査(2023)
05210,秋田県 由利本荘市,21340,2023,住宅・土地統計調査(2023)
05211,秋田県 潟上市,10330,2023,住宅・土地統計調査(2023)
05212,秋田県 大仙市,22490,2023,住宅・土地統計調査(2023)
05213,秋田県 北秋田市,8950,2023,住宅・土地統計調査(2023)
05214,秋田県 にかほ市,7500,2023,住宅・土地統計調査(2023)
05215,秋田県 仙北市,7210,2023,住宅・土地統計調査(2023)
05303,秋田県 小坂町,-,2023,住宅・土地統計調査(2023)
05327,秋田県 上小阿仁村,-,2023,住宅・土地統計調査(2023)
05346,秋田県 藤里町,-,2023,住宅・土地統計調査(2023)
05348,秋田県 三種町,4740,2023,住宅・土地統計調査(2023)
05349,秋田県 八峰町,-,2023,住宅・土地統計調査(2023)
05361,秋田県 五城目町,-,2023,住宅・土地統計調査(2023)
05363,秋田県 八郎潟町,-,2023,住宅・土地統計調査(2023)
05366,秋田県 井川町,-,2023,住宅・土地統計調査(2023)
05368,秋田県 大潟村,-,2023,住宅・土地統計調査(2023)
05434,秋田県 美郷町,4350,2023,住宅・土地統計調査(2023)
05463,秋田県 羽後町,-,2023,住宅・土地統計調査(2023)
05464,秋田県 東成瀬村,-,2023,住宅・土地統計調査(2023)
06201,山形県 山形市,63640,2023,住宅・土地統計調査(2023)
06202,山形県 米沢市,20930,2023,住宅・土地統計調査(2023)
06203,山形県 鶴岡市,35270,2023,住宅・土地統計調査(2023)
06204,山形県 酒田市,29820,2023,住宅・土地統計調査(2023)
06205,山形県 新庄市,8770,2023,住宅・土地統計調査(2023)
06206,山形県 寒河江市,11210,2023,住宅・土地統計調査(2023)
06207,山形県 上山市,8820,2023,住宅・土地統計調査(2023)
06208,山形県 村山市,6460,2023,住宅・土地統計調査(2023)
06209,山形県 長井市,7220,2023,住宅・土地統計調査(2023)
06210,山形県 天童市,15720,2023,住宅・土地統計調査(2023)
06211,山形県 東根市,12460,2023,住宅・土地統計調査(2023)
06212,山形県 尾花沢市,4060,2023,住宅・土地統計調査(2023)
06213,山形県 南陽市,8290,2023,住宅・土地統計調査(2023)
06301,山形県 山辺町,-,2023,住宅・土地統計調査(2023)
06302,山形県 中山町,-,2023,住宅・土地統計調査(2023)
06321,山形県 河北町,5050,2023,住宅・土地統計調査(2023)
06322,山形県 西川町,-,2023,住宅・土地統計調査(2023)
06323,山形県 朝日町,-,2023,住宅・土地統計調査(2023)
06324,山形県 大江町,-,2023,住宅・土地統計調査(2023)
06341,山形県 大石田町,-,2023,住宅・土地統計調査(2023)
06361,山形県 金山町,-,2023,住宅・土地統計調査(2023)
06362,山形県 最上町,-,2023,住宅・土地統計調査(2023)
06363,山形県 舟形町,-,2023,住宅・土地統計調査(2023)
06364,山形県 真室川町,-,2023,住宅・土地統計調査(2023)
06365,山形県 大蔵村,-,2023,住宅・土地統計調査(2023)
06366,山形県 鮭川村,-,2023,住宅・土地統計調査(2023)
06367,山形県 戸沢村,-,2023,住宅・土地統計調査(2023)
06381,山形県 高畠町,6470,2023,住宅・土地統計調査(2023)
06382,山形県 川西町,-,2023,住宅・土地統計調査(2023)
06401,山形県 小国町,-,2023,住宅・土地統計調査(2023)
06402,山形県 白鷹町,-,2023,住宅・土地統計調査(2023)
06403,山形県 飯豊町,-,2023,住宅・土地統計調査(2023)
06426,山形県 三川町,-,2023,住宅・土地統計調査(2023)
06428,山形県 庄内町,5700,2023,住宅・土地統計調査(2023)
06461,山形県 遊佐町,-,2023,住宅・土地統計調査(2023)
07201,福島県 福島市,75680,2023,住宅・土地統計調査(2023)
07202,福島県 会津若松市,30930,2023,住宅・土地統計調査(2023)
07203,福島県 郡山市,80360,2023,住宅・土地統計調査(2023)
07204,福島県 いわき市,92420,2023,住宅・土地統計調査(2023)
07205,福島県 白河市,16340,2023,住宅・土地統計調査(2023)
07207,福島県 須賀川市,20840,2023,住宅・土地統計調査(2023)
07208,福島県 喜多方市,12750,2023,住宅・土地統計調査(2023)
07209,福島県 相馬市,9110,2023,住宅・土地統計調査(2023)
07210,福島県 二本松市,14880,2023,住宅・土地統計調査(2023)
07211,福島県 田村市,9830,2023,住宅・土地統計調査(2023)
07212,福島県 南相馬市,16040,2023,住宅・土地統計調査(2023)
07213,福島県 伊達市,16790,2023,住宅・土地統計調査(2023)
07214,福島県 本宮市,8290,2023,住宅・土地統計調査(2023)
07301,福島県 桑折町,-,2023,住宅・土地統計調査(2023)
07303,福島県 国見町,-,2023,住宅・土地統計調査(2023)
07308,福島県 川俣町,-,2023,住宅・土地統計調査(2023)
07322,福島県 大玉村,-,2023,住宅・土地統計調査(2023)
07342,福島県 鏡石町,-,2023,住宅・土地統計調査(2023)
07344,福島県 天栄村,-,2023,住宅・土地統計調査(2023)
07362,福島県 下郷町,-,2023,住宅・土地統計調査(2023)
07364,福島県 檜枝岐村,-,2023,住宅・土地統計調査(2023)
07367,福島県 只見町,-,2023,住宅・土地統計調査(2023)
07368,福島県 南会津町,-,2023,住宅・土地統計調査(2023)
07402,福島県 北塩原村,-,2023,住宅・土地統計調査(2023)
07405,福島県 西会津町,-,2023,住宅・土地統計調査(2023)
07407,福島県 磐梯町,-,2023,住宅・土地統計調査(2023)
07408,福島県 猪苗代町,-,2023,住宅・土地統計調査(2023)
07421,福島県 会津坂下町,4300,2023,住宅・土地統計調査(2023)
07422,福島県 湯川村,-,2023,住宅・土地統計調査(2023)
07423,福島県 柳津町,-,2023,住宅・土地統計調査(2023)
07444,福島県 三島町,-,2023,住宅・土地統計調査(2023)
07445,福島県 金山町,-,2023,住宅・土地統計調査(2023)
07446,福島県 昭和村,-,2023,住宅・土地統計調査(2023)
07447,福島県 会津美里町,5790,2023,住宅・土地統計調査(2023)
07461,福島県 西郷村,5680,2023,住宅・土地統計調査(2023)
07464,福島県 泉崎村,-,2023,住宅・土地統計調査(2023)
07465,福島県 中島村,-,2023,住宅・土地統計調査(2023)
07466,福島県 矢吹町,4690,2023,住宅・土地統計調査(2023)
07481,福島県 棚倉町,-,2023,住宅・土地統計調査(2023)
07482,福島県 矢祭町,-,2023,住宅・土地統計調査(2023)
07483,福島県 塙町,-,2023,住宅・土地統計調査(2023)
07484,福島県 鮫川村,-,2023,住宅・土地統計調査(2023)
07501,福島県 石川町,-,2023,住宅・土地統計調査(2023)
07502,福島県 玉川村,-,2023,住宅・土地統計調査(2023)
07503,福島県 平田村,-,2023,住宅・土地統計調査(2023)
07504,福島県 浅川町,-,2023,住宅・土地統計調査(2023)
07505,福島県 古殿町,-,2023,住宅・土地統計調査(2023)
07521,福島県 三春町,5270,2023,住宅・土地統計調査(2023)
07522,福島県 小野町,-,2023,住宅・土地統計調査(2023)
07541,福島県 広野町,-,2023,住宅・土地統計調査(2023)
07542,福島県 楢葉町,-,2023,住宅・土地統計調査(2023)
07543,福島県 富岡町,-,2023,住宅・土地統計調査(2023)
07544,福島県 川内村,-,2023,住宅・土地統計調査(2023)
07545,福島県 大熊町,-,2023,住宅・土地統計調査(2023)
07546,福島県 双葉町,-,2023,住宅・土地統計調査(2023)
07547,福島県 浪江町,-,2023,住宅・土地統計調査(2023)
07548,福島県 葛尾村,-,2023,住宅・土地統計調査(2023)
07561,福島県 新地町,-,2023,住宅・土地統計調査(2023)
07564,福島県 飯舘村,-,2023,住宅・土地統計調査(2023)
08201,茨城県 水戸市,68990,2023,住宅・土地統計調査(2023)
08202,茨城県 日立市,50660,2023,住宅・土地統計調査(2023)
08203,茨城県 土浦市,37660,2023,住宅・土地統計調査(2023)
08204,茨城県 古河市,40350,2023,住宅・土地統計調査(2023)
08205,茨城県 石岡市,21540,2023,住宅・土地統計調査(2023)
08207,茨城県 結城市,14440,2023,住宅・土地統計調査(2023)
08208,茨城県 龍ケ崎市,23150,2023,住宅・土地統計調査(2023)
08210,茨城県 下妻市,11790,2023,住宅・土地統計調査(2023)
08211,茨城県 常総市,16500,2023,住宅・土地統計調査(2023)
08212,茨城県 常陸太田市,17030,2023,住宅・土地統計調査(2023)
08214,茨城県 高萩市,8190,2023,住宅・土地統計調査(2023)
08215,茨城県 北茨城市,12340,2023,住宅・土地統計調査(2023)
08216,茨城県 笠間市,23020,2023,住宅・土地統計調査(2023)
08217,茨城県 取手市,33330,2023,住宅・土地統計調査(2023)
08219,茨城県 牛久市,26040,2023,住宅・土地統計調査(2023)
08220,茨城県 つくば市,60140,2023,住宅・土地統計調査(2023)
08221,茨城県 ひたちなか市,43550,2023,住宅・土地統計調査(2023)
08222,茨城県 鹿嶋市,18300,2023,住宅・土地統計調査(2023)
08223,茨城県 潮来市,8180,2023,住宅・土地統計調査(2023)
08224,茨城県 守谷市,20810,2023,住宅・土地統計調査(2023)
08225,茨城県 常陸大宮市,13060,2023,住宅・土地統計調査(2023)
08226,茨城県 那珂市,17190,2023,住宅・土地統計調査(2023)
08227,茨城県 筑西市,29240,2023,住宅・土地統計調査(2023)
08228,茨城県 坂東市,14910,2023,住宅・土地統計調査(2023)
08229,茨城県 稲敷市,12800,2023,住宅・土地統計調査(2023)
08230,茨城県 かすみがうら市,11440,2023,住宅・土地統計調査(2023)
08231,茨城県 桜川市,11480,2023,住宅・土地統計調査(2023)
08232,茨城県 神栖市,25440,2023,住宅・土地統計調査(2023)
08233,茨城県 行方市,9570,2023,住宅・土地統計調査(2023)
08234,茨城県 鉾田市,14750,2023,住宅・土地統計調査(2023)
08235,茨城県 つくばみらい市,15530,2023,住宅・土地統計調査(2023)
08236,茨城県 小美玉市,13950,2023,住宅・土地統計調査(2023)
08302,茨城県 茨城町,10450,2023,住宅・土地統計調査(2023)
08309,茨城県 大洗町,4520,2023,住宅・土地統計調査(2023)
08310,茨城県 城里町,6440,2023,住宅・土地統計調査(2023)
08341,茨城県 東海村,10310,2023,住宅・土地統計調査(2023)
08364,茨城県 大子町,5310,2023,住宅・土地統計調査(2023)
08442,茨城県 美浦村,-,2023,住宅・土地統計調査(2023)
08443,茨城県 阿見町,14260,2023,住宅・土地統計調査(2023)
08447,茨城県 河内町,-,2023,住宅・土地統計調査(2023)
08521,茨城県 八千代町,5230,2023,住宅・土地統計調査(2023)
08542,茨城県 五霞町,-,2023,住宅・土地統計調査(2023)
08546,茨城県 境町,6290,2023,住宅・土地統計調査(2023)
08564,茨城県 利根町,5930,2023,住宅・土地統計調査(2023)
09201,栃木県 宇都宮市,141360,2023,住宅・土地統計調査(2023)
09202,栃木県 足利市,41280,2023,住宅・土地統計調査(2023)
09203,栃木県 栃木市,47090,2023,住宅・土地統計調査(2023)
09204,栃木県 佐野市,35460,2023,住宅・土地統計調査(2023)
09205,栃木県 鹿沼市,28070,2023,住宅・土地統計調査(2023)
09206,栃木県 日光市,24220,2023,住宅・土地統計調査(2023)
09208,栃木県 小山市,45570,2023,住宅・土地統計調査(2023)
09209,栃木県 真岡市,21740,2023,住宅・土地統計調査(2023)
09210,栃木県 大田原市,19860,2023,住宅・土地統計調査(2023)
09211,栃木県 矢板市,9480,2023,住宅・土地統計調査(2023)
09213,栃木県 那須塩原市,33630,2023,住宅・土地統計調査(2023)
09214,栃木県 さくら市,11530,2023,住宅・土地統計調査(2023)
09215,栃木県 那須烏山市,7950,2023,住宅・土地統計調査(2023)
09216,栃木県 下野市,17130,2023,住宅・土地統計調査(2023)
09301,栃木県 上三川町,8760,2023,住宅・土地統計調査(2023)
09342,栃木県 益子町,6660,2023,住宅・土地統計調査(2023)
09343,栃木県 茂木町,-,2023,住宅・土地統計調査(2023)
09344,栃木県 市貝町,-,2023,住宅・土地統計調査(2023)
09345,栃木県 芳賀町,-,2023,住宅・土地統計調査(2023)
09361,栃木県 壬生町,12010,2023,住宅・土地統計調査(2023)
09364,栃木県 野木町,7920,2023,住宅・土地統計調査(2023)
09384,栃木県 塩谷町,-,2023,住宅・土地統計調査(2023)
09386,栃木県 高根沢町,7110,2023,住宅・土地統計調査(2023)
09407,栃木県 那須町,7930,2023,住宅・土地統計調査(2023)
09411,栃木県 那珂川町,4580,2023,住宅・土地統計調査(2023)
10201,群馬県 前橋市,98080,2023,住宅・土地統計調査(2023)
10202,群馬県 高崎市,105890,2023,住宅・土地統計調査(2023)
10203,群馬県 桐生市,31800,2023,住宅・土地統計調査(2023)
10204,群馬県 伊勢崎市,59070,2023,住宅・土地統計調査(2023)
10205,群馬県 太田市,63160,2023,住宅・土地統計調査(2023)
10206,群馬県 沼田市,13770,2023,住宅・土地統計調査(2023)
10207,群馬県 館林市,21520,2023,住宅・土地統計調査(2023)
10208,群馬県 渋川市,24000,2023,住宅・土地統計調査(2023)
10209,群馬県 藤岡市,19410,2023,住宅・土地統計調査(2023)
10210,群馬県 富岡市,15040,2023,住宅・土地統計調査(2023)
10211,群馬県 安中市,18250,2023,住宅・土地統計調査(2023)
10212,群馬県 みどり市,15150,2023,住宅・土地統計調査(2023)
10344,群馬県 榛東村,-,2023,住宅・土地統計調査(2023)
10345,群馬県 吉岡町,6330,2023,住宅・土地統計調査(2023)
10366,群馬県 上野村,-,2023,住宅・土地統計調査(2023)
10367,群馬県 神流町,-,2023,住宅・土地統計調査(2023)
10382,群馬県 下仁田町,-,2023,住宅・土地統計調査(2023)
10383,群馬県 南牧村,-,2023,住宅・土地統計調査(2023)
10384,群馬県 甘楽町,-,2023,住宅・土地統計調査(2023)
10421,群馬県 中之条町,4920,2023,住宅・土地統計調査(2023)
10424,群馬県 長野原町,-,2023,住宅・土地統計調査(2023)
10425,群馬県 嬬恋村,-,2023,住宅・土地統計調査(2023)
10426,群馬県 草津町,-,2023,住宅・土地統計調査(2023)
10428,群馬県 高山村,-,2023,住宅・土地統計調査(2023)
10429,群馬県 東吾妻町,-,2023,住宅・土地統計調査(2023)
10443,群馬県 片品村,-,2023,住宅・土地統計調査(2023)
10444,群馬県 川場村,-,2023,住宅・土地統計調査(2023)
10448,群馬県 昭和村,-,2023,住宅・土地統計調査(2023)
10449,群馬県 みなかみ町,4940,2023,住宅・土地統計調査(2023)
10464,群馬県 玉村町,10570,2023,住宅・土地統計調査(2023)
10521,群馬県 板倉町,-,2023,住宅・土地統計調査(2023)
10522,群馬県 明和町,-,2023,住宅・土地統計調査(2023)
10523,群馬県 千代田町,-,2023,住宅・土地統計調査(2023)
10524,群馬県 大泉町,10090,2023,住宅・土地統計調査(2023)
10525,群馬県 邑楽町,8600,2023,住宅・土地統計調査(2023)
11100,埼玉県 さいたま市,359000,2023,住宅・土地統計調査(2023)
11201,埼玉県 川越市,104120,2023,住宅・土地統計調査(2023)
11202,埼玉県 熊谷市,59080,2023,住宅・土地統計調査(2023)
11203,埼玉県 川口市,155600,2023,住宅・土地統計調査(2023)
11206,埼玉県 行田市,25340,2023,住宅・土地統計調査(2023)
11207,埼玉県 秩父市,18870,2023,住宅・土地統計調査(2023)
11208,埼玉県 所沢市,97030,2023,住宅・土地統計調査(2023)
11209,埼玉県 飯能市,25540,2023,住宅・土地統計調査(2023)
11210,埼玉県 加須市,34880,2023,住宅・土地統計調査(2023)
11211,埼玉県 本庄市,23200,2023,住宅・土地統計調査(2023)
11212,埼玉県 東松山市,27880,2023,住宅・土地統計調査(2023)
11214,埼玉県 春日部市,66830,2023,住宅・土地統計調査(2023)
11215,埼玉県 狭山市,45120,2023,住宅・土地統計調査(2023)
11216,埼玉県 羽生市,16550,2023,住宅・土地統計調査(2023)
11217,埼玉県 鴻巣市,36890,2023,住宅・土地統計調査(2023)
11218,埼玉県 深谷市,42370,2023,住宅・土地統計調査(2023)
11219,埼玉県 上尾市,62530,2023,住宅・土地統計調査(2023)
11221,埼玉県 草加市,66040,2023,住宅・土地統計調査(2023)
11222,埼玉県 越谷市,96130,2023,住宅・土地統計調査(2023)
11223,埼玉県 蕨市,18370,2023,住宅・土地統計調査(2023)
11224,埼玉県 戸田市,29240,2023,住宅・土地統計調査(2023)
11225,埼玉県 入間市,45860,2023,住宅・土地統計調査(2023)
11227,埼玉県 朝霞市,33830,2023,住宅・土地統計調査(2023)
11228,埼玉県 志木市,21750,2023,住宅・土地統計調査(2023)
11229,埼玉県 和光市,17720,2023,住宅・土地統計調査(2023)
11230,埼玉県 新座市,49110,2023,住宅・土地統計調査(2023)
11231,埼玉県 桶川市,22840,2023,住宅・土地統計調査(2023)
11232,埼玉県 久喜市,47760,2023,住宅・土地統計調査(2023)
11233,埼玉県 北本市,19440,2023,住宅・土地統計調査(2023)
11234,埼玉県 八潮市,24560,2023,住宅・土地統計調査(2023)
11235,埼玉県 富士見市,30530,2023,住宅・土地統計調査(2023)
11237,埼玉県 三郷市,37930,2023,住宅・土地統計調査(2023)
11238,埼玉県 蓮田市,19580,2023,住宅・土地統計調査(2023)
11239,埼玉県 坂戸市,28660,2023,住宅・土地統計調査(2023)
11240,埼玉県 幸手市,15400,2023,住宅・土地統計調査(2023)
11241,埼玉県 鶴ヶ島市,19890,2023,住宅・土地統計調査(2023)
11242,埼玉県 日高市,16940,2023,住宅・土地統計調査(2023)
11243,埼玉県 吉川市,19290,2023,住宅・土地統計調査(2023)
11245,埼玉県 ふじみ野市,31090,2023,住宅・土地統計調査(2023)
11246,埼玉県 白岡市,16390,2023,住宅・土地統計調査(2023)
11301,埼玉県 伊奈町,13410,2023,住宅・土地統計調査(2023)
11324,埼玉県 三芳町,12020,2023,住宅・土地統計調査(2023)
11326,埼玉県 毛呂山町,10270,2023,住宅・土地統計調査(2023)
11327,埼玉県 越生町,-,2023,住宅・土地統計調査(2023)
11341,埼玉県 滑川町,5290,2023,住宅・土地統計調査(2023)
11342,埼玉県 嵐山町,5530,2023,住宅・土地統計調査(2023)
11343,埼玉県 小川町,9840,2023,住宅・土地統計調査(2023)
11346,埼玉県 川島町,6180,2023,住宅・土地統計調査(2023)
11347,埼玉県 吉見町,6250,2023,住宅・土地統計調査(2023)
11348,埼玉県 鳩山町,-,2023,住宅・土地統計調査(2023)
11349,埼玉県 ときがわ町,-,2023,住宅・土地統計調査(2023)
11361,埼玉県 横瀬町,-,2023,住宅・土地統計調査(2023)
11362,埼玉県 皆野町,-,2023,住宅・土地統計調査(2023)
11363,埼玉県 長瀞町,-,2023,住宅・土地統計調査(2023)
11365,埼玉県 小鹿野町,-,2023,住宅・土地統計調査(2023)
11369,埼玉県 東秩父村,-,2023,住宅・土地統計調査(2023)
11381,埼玉県 美里町,-,2023,住宅・土地統計調査(2023)
11383,埼玉県 神川町,-,2023,住宅・土地統計調査(2023)
11385,埼玉県 上里町,9560,2023,住宅・土地統計調査(2023)
11408,埼玉県 寄居町,11620,2023,住宅・土地統計調査(2023)
11442,埼玉県 宮代町,11450,2023,住宅・土地統計調査(2023)
11464,埼玉県 杉戸町,14950,2023,住宅・土地統計調査(2023)
11465,埼玉県 松伏町,9540,2023,住宅・土地統計調査(2023)
12100,千葉県 千葉市,266200,2023,住宅・土地統計調査(2023)
12202,千葉県 銚子市,18630,2023,住宅・土地統計調査(2023)
12203,千葉県 市川市,116070,2023,住宅・土地統計調査(2023)
12204,千葉県 船橋市,175300,2023,住宅・土地統計調査(2023)
12205,千葉県 館山市,14830,2023,住宅・土地統計調査(2023)
12206,千葉県 木更津市,36010,2023,住宅・土地統計調査(2023)
12207,千葉県 松戸市,134640,2023,住宅・土地統計調査(2023)
12208,千葉県 野田市,49750,2023,住宅・土地統計調査(2023)
12210,千葉県 茂原市,28390,2023,住宅・土地統計調査(2023)
12211,千葉県 成田市,31300,2023,住宅・土地統計調査(2023)
12212,千葉県 佐倉市,55720,2023,住宅・土地統計調査(2023)
12213,千葉県 東金市,17980,2023,住宅・土地統計調査(2023)
12215,千葉県 旭市,18470,2023,住宅・土地統計調査(2023)
12216,千葉県 習志野市,46880,2023,住宅・土地統計調査(2023)
12217,千葉県 柏市,129480,2023,住宅・土地統計調査(2023)
12218,千葉県 勝浦市,5480,2023,住宅・土地統計調査(2023)
12219,千葉県 市原市,79630,2023,住宅・土地統計調査(2023)
12220,千葉県 流山市,58810,2023,住宅・土地統計調査(2023)
12221,千葉県 八千代市,57170,2023,住宅・土地統計調査(2023)
12222,千葉県 我孫子市,39840,2023,住宅・土地統計調査(2023)
12223,千葉県 鴨川市,10090,2023,住宅・土地統計調査(2023)
12224,千葉県 鎌ケ谷市,34170,2023,住宅・土地統計調査(2023)
12225,千葉県 君津市,22290,2023,住宅・土地統計調査(2023)
12226,千葉県 富津市,13480,2023,住宅・土地統計調査(2023)
12227,千葉県 浦安市,38760,2023,住宅・土地統計調査(2023)
12228,千葉県 四街道市,30360,2023,住宅・土地統計調査(2023)
12229,千葉県 袖ケ浦市,19080,2023,住宅・土地統計調査(2023)
12230,千葉県 八街市,22630,2023,住宅・土地統計調査(2023)
12231,千葉県 印西市,36290,2023,住宅・土地統計調査(2023)
12232,千葉県 白井市,19710,2023,住宅・土地統計調査(2023)
12233,千葉県 富里市,14570,2023,住宅・土地統計調査(2023)
12234,千葉県 南房総市,13210,2023,住宅・土地統計調査(2023)
12235,千葉県 匝瑳市,10760,2023,住宅・土地統計調査(2023)
12236,千葉県 香取市,22540,2023,住宅・土地統計調査(2023)
12237,千葉県 山武市,16990,2023,住宅・土地統計調査(2023)
12238,千葉県 いすみ市,12490,2023,住宅・土地統計調査(2023)
12239,千葉県 大網白里市,16290,2023,住宅・土地統計調査(2023)
12322,千葉県 酒々井町,6280,2023,住宅・土地統計調査(2023)
12329,千葉県 栄町,6910,2023,住宅・土地統計調査(2023)
12342,千葉県 神崎町,-,2023,住宅・土地統計調査(2023)
12347,千葉県 多古町,-,2023,住宅・土地統計調査(2023)
12349,千葉県 東庄町,-,2023,住宅・土地統計調査(2023)
12403,千葉県 九十九里町,-,2023,住宅・土地統計調査(2023)
12409,千葉県 芝山町,-,2023,住宅・土地統計調査(2023)
12410,千葉県 横芝光町,7060,2023,住宅・土地統計調査(2023)
12421,千葉県 一宮町,-,2023,住宅・土地統計調査(2023)
12422,千葉県 睦沢町,-,2023,住宅・土地統計調査(2023)
12423,千葉県 長生村,-,2023,住宅・土地統計調査(2023)
12424,千葉県 白子町,-,2023,住宅・土地統計調査(2023)
12426,千葉県 長柄町,-,2023,住宅・土地統計調査(2023)
12427,千葉県 長南町,-,2023,住宅・土地統計調査(2023)
12441,千葉県 大多喜町,-,2023,住宅・土地統計調査(2023)
12443,千葉県 御宿町,-,2023,住宅・土地統計調査(2023)
12463,千葉県 鋸南町,-,2023,住宅・土地統計調査(2023)
13100,東京都 特別区部,2140900,2023,住宅・土地統計調査(2023)
13201,東京都 八王子市,153390,2023,住宅・土地統計調査(2023)
13202,東京都 立川市,41590,2023,住宅・土地統計調査(2023)
13203,東京都 武蔵野市,32940,2023,住宅・土地統計調査(2023)
13204,東京都 三鷹市,44410,2023,住宅・土地統計調査(2023)
13205,東京都 青梅市,39660,2023,住宅・土地統計調査(2023)
13206,東京都 府中市,65660,2023,住宅・土地統計調査(2023)
13207,東京都 昭島市,29070,2023,住宅・土地統計調査(2023)
13208,東京都 調布市,56840,2023,住宅・土地統計調査(2023)
13209,東京都 町田市,114310,2023,住宅・土地統計調査(2023)
13210,東京都 小金井市,29660,2023,住宅・土地統計調査(2023)
13211,東京都 小平市,46690,2023,住宅・土地統計調査(2023)
13212,東京都 日野市,47910,2023,住宅・土地統計調査(2023)
13213,東京都 東村山市,42400,2023,住宅・土地統計調査(2023)
13214,東京都 国分寺市,33020,2023,住宅・土地統計調査(2023)
13215,東京都 国立市,17930,2023,住宅・土地統計調査(2023)
13218,東京都 福生市,12280,2023,住宅・土地統計調査(2023)
13219,東京都 狛江市,20070,2023,住宅・土地統計調査(2023)
13220,東京都 東大和市,22920,2023,住宅・土地統計調査(2023)
13221,東京都 清瀬市,18900,2023,住宅・土地統計調査(2023)
13222,東京都 東久留米市,31390,2023,住宅・土地統計調査(2023)
13223,東京都 武蔵村山市,18630,2023,住宅・土地統計調査(2023)
13224,東京都 多摩市,37670,2023,住宅・土地統計調査(2023)
13225,東京都 稲城市,23140,2023,住宅・土地統計調査(2023)
13227,東京都 羽村市,14770,2023,住宅・土地統計調査(2023)
13228,東京都 あきる野市,24810,2023,住宅・土地統計調査(2023)
13229,東京都 西東京市,52140,2023,住宅・土地統計調査(2023)
13303,東京都 瑞穂町,8680,2023,住宅・土地統計調査(2023)
13305,東京都 日の出町,5230,2023,住宅・土地統計調査(2023)
13307,東京都 檜原村,-,2023,住宅・土地統計調査(2023)
13308,東京都 奥多摩町,-,2023,住宅・土地統計調査(2023)
13361,東京都 大島町,-,2023,住宅・土地統計調査(2023)
13362,東京都 利島村,-,2023,住宅・土地統計調査(2023)
13363,東京都 新島村,-,2023,住宅・土地統計調査(2023)
13364,東京都 神津島村,-,2023,住宅・土地統計調査(2023)
13381,東京都 三宅村,-,2023,住宅・土地統計調査(2023)
13382,東京都 御蔵島村,-,2023,住宅・土地統計調査(2023)
13401,東京都 八丈町,-,2023,住宅・土地統計調査(2023)
13402,東京都 青ヶ島村,-,2023,住宅・土地統計調査(2023)
13421,東京都 小笠原村,-,2023,住宅・土地統計調査(2023)
14100,神奈川県 横浜市,1026000,2023,住宅・土地統計調査(2023)
14130,神奈川県 川崎市,349300,2023,住宅・土地統計調査(2023)
14150,神奈川県 相模原市,203900,2023,住宅・土地統計調査(2023)
14201,神奈川県 横須賀市,120240,2023,住宅・土地統計調査(2023)
14203,神奈川県 平塚市,71910,2023,住宅・土地統計調査(2023)
14204,神奈川県 鎌倉市,54570,2023,住宅・土地統計調査(2023)
14205,神奈川県 藤沢市,116810,2023,住宅・土地統計調査(2023)
14206,神奈川県 小田原市,53300,2023,住宅・土地統計調査(2023)
14207,神奈川県 茅ヶ崎市,72960,2023,住宅・土地統計調査(2023)
14208,神奈川県 逗子市,19020,2023,住宅・土地統計調査(2023)
14210,神奈川県 三浦市,13300,2023,住宅・土地統計調査(2023)
14211,神奈川県 秦野市,47390,2023,住宅・土地統計調査(2023)
14212,神奈川県 厚木市,61210,2023,住宅・土地統計調査(2023)
14213,神奈川県 大和市,61660,2023,住宅・土地統計調査(2023)
14214,神奈川県 伊勢原市,29030,2023,住宅・土地統計調査(2023)
14215,神奈川県 海老名市,40500,2023,住宅・土地統計調査(2023)
14216,神奈川県 座間市,39030,2023,住宅・土地統計調査(2023)
14217,神奈川県 南足柄市,12120,2023,住宅・土地統計調査(2023)
14218,神奈川県 綾瀬市,25540,2023,住宅・土地統計調査(2023)
14301,神奈川県 葉山町,11110,2023,住宅・土地統計調査(2023)
14321,神奈川県 寒川町,14140,2023,住宅・土地統計調査(2023)
14341,神奈川県 大磯町,11010,2023,住宅・土地統計調査(2023)
14342,神奈川県 二宮町,8640,2023,住宅・土地統計調査(2023)
14361,神奈川県 中井町,-,2023,住宅・土地統計調査(2023)
14362,神奈川県 大井町,5410,2023,住宅・土地統計調査(2023)
14363,神奈川県 松田町,-,2023,住宅・土地統計調査(2023)
14364,神奈川県 山北町,-,2023,住宅・土地統計調査(2023)
14366,神奈川県 開成町,5410,2023,住宅・土地統計調査(2023)
14382,神奈川県 箱根町,-,2023,住宅・土地統計調査(2023)
14383,神奈川県 真鶴町,-,2023,住宅・土地統計調査(2023)
14384,神奈川県 湯河原町,8100,2023,住宅・土地統計調査(2023)
14401,神奈川県 愛川町,11320,2023,住宅・土地統計調査(2023)
14402,神奈川県 清川村,-,2023,住宅・土地統計調査(2023)
15100,新潟県 新潟市,219100,2023,住宅・土地統計調査(2023)
15202,新潟県 長岡市,75700,2023,住宅・土地統計調査(2023)
15204,新潟県 三条市,27290,2023,住宅・土地統計調査(2023)
15205,新潟県 柏崎市,24740,2023,住宅・土地統計調査(2023)
15206,新潟県 新発田市,27360,2023,住宅・土地統計調査(2023)
15208,新潟県 小千谷市,9490,2023,住宅・土地統計調査(2023)
15209,新潟県 加茂市,7800,2023,住宅・土地統計調査(2023)
15210,新潟県 十日町市,14330,2023,住宅・土地統計調査(2023)
15211,新潟県 見附市,11660,2023,住宅・土地統計調査(2023)
15212,新潟県 村上市,17490,2023,住宅・土地統計調査(2023)
15213,新潟県 燕市,22470,2023,住宅・土地統計調査(2023)
15216,新潟県 糸魚川市,12960,2023,住宅・土地統計調査(2023)
15217,新潟県 妙高市,8930,2023,住宅・土地統計調査(2023)
15218,新潟県 五泉市,14310,2023,住宅・土地統計調査(2023)
15222,新潟県 上越市,51510,2023,住宅・土地統計調査(2023)
15223,新潟県 阿賀野市,11930,2023,住宅・土地統計調査(2023)
15224,新潟県 佐渡市,16860,2023,住宅・土地統計調査(2023)
15225,新潟県 魚沼市,10030,2023,住宅・土地統計調査(2023)
15226,新潟県 南魚沼市,14330,2023,住宅・土地統計調査(2023)
15227,新潟県 胎内市,7890,2023,住宅・土地統計調査(2023)
15307,新潟県 聖籠町,-,2023,住宅・土地統計調査(2023)
15342,新潟県 弥彦村,-,2023,住宅・土地統計調査(2023)
15361,新潟県 田上町,-,2023,住宅・土地統計調査(2023)
15385,新潟県 阿賀町,-,2023,住宅・土地統計調査(2023)
15405,新潟県 出雲崎町,-,2023,住宅・土地統計調査(2023)
15461,新潟県 湯沢町,-,2023,住宅・土地統計調査(2023)
15482,新潟県 津南町,-,2023,住宅・土地統計調査(2023)
15504,新潟県 刈羽村,-,2023,住宅・土地統計調査(2023)
15581,新潟県 関川村,-,2023,住宅・土地統計調査(2023)
15586,新潟県 粟島浦村,-,2023,住宅・土地統計調査(2023)
16201,富山県 富山市,115510,2023,住宅・土地統計調査(2023)
16202,富山県 高岡市,48950,2023,住宅・土地統計調査(2023)
16204,富山県 魚津市,11710,2023,住宅・土地統計調査(2023)
16205,富山県 氷見市,14120,2023,住宅・土地統計調査(2023)
16206,富山県 滑川市,10080,2023,住宅・土地統計調査(2023)
16207,富山県 黒部市,12530,2023,住宅・土地統計調査(2023)
16208,富山県 砺波市,12320,2023,住宅・土地統計調査(2023)
16209,富山県 小矢部市,8410,2023,住宅・土地統計調査(2023)
16210,富山県 南砺市,14100,2023,住宅・土地統計調査(2023)
16211,富山県 射水市,26760,2023,住宅・土地統計調査(2023)
16321,富山県 舟橋村,-,2023,住宅・土地統計調査(2023)
16322,富山県 上市町,6640,2023,住宅・土地統計調査(2023)
16323,富山県 立山町,7990,2023,住宅・土地統計調査(2023)
16342,富山県 入善町,7240,2023,住宅・土地統計調査(2023)
16343,富山県 朝日町,-,2023,住宅・土地統計調査(2023)
17201,石川県 金沢市,117440,2023,住宅・土地統計調査(2023)
17202,石川県 七尾市,15960,2023,住宅・土地統計調査(2023)
17203,石川県 小松市,30060,2023,住宅・土地統計調査(2023)
17204,石川県 輪島市,7190,2023,住宅・土地統計調査(2023)
17205,石川県 珠洲市,4750,2023,住宅・土地統計調査(2023)
17206,石川県 加賀市,18270,2023,住宅・土地統計調査(2023)
17207,石川県 羽咋市,6460,2023,住宅・土地統計調査(2023)
17209,石川県 かほく市,10420,2023,住宅・土地統計調査(2023)
17210,石川県 白山市,33500,2023,住宅・土地統計調査(2023)
17211,石川県 能美市,13740,2023,住宅・土地統計調査(2023)
17212,石川県 野々市市,11720,2023,住宅・土地統計調査(2023)
17324,石川県 川北町,-,2023,住宅・土地統計調査(2023)
17361,石川県 津幡町,11330,2023,住宅・土地統計調査(2023)
17365,石川県 内灘町,8700,2023,住宅・土地統計調査(2023)
17384,石川県 志賀町,6300,2023,住宅・土地統計調査(2023)
17386,石川県 宝達志水町,-,2023,住宅・土地統計調査(2023)
17407,石川県 中能登町,5690,2023,住宅・土地統計調査(2023)
17461,石川県 穴水町,-,2023,住宅・土地統計調査(2023)
17463,石川県 能登町,5180,2023,住宅・土地統計調査(2023)
18201,福井県 福井市,67870,2023,住宅・土地統計調査(2023)
18202,福井県 敦賀市,17760,2023,住宅・土地統計調査(2023)
18204,福井県 小浜市,8790,2023,住宅・土地統計調査(2023)
18205,福井県 大野市,8630,2023,住宅・土地統計調査(2023)
18206,福井県 勝山市,6300,2023,住宅・土地統計調査(2023)
18207,福井県 鯖江市,19150,2023,住宅・土地統計調査(2023)
18208,福井県 あわら市,7670,2023,住宅・土地統計調査(2023)
18209,福井県 越前市,22390,2023,住宅・土地統計調査(2023)
18210,福井県 坂井市,24350,2023,住宅・土地統計調査(2023)
18322,福井県 永平寺町,4990,2023,住宅・土地統計調査(2023)
18382,福井県 池田町,-,2023,住宅・土地統計調査(2023)
18404,福井県 南越前町,-,2023,住宅・土地統計調査(2023)
18423,福井県 越前町,5580,2023,住宅・土地統計調査(2023)
18442,福井県 美浜町,-,2023,住宅・土地統計調査(2023)
18481,福井県 高浜町,-,2023,住宅・土地統計調査(2023)
18483,福井県 おおい町,-,2023,住宅・土地統計調査(2023)
18501,福井県 若狭町,-,2023,住宅・土地統計調査(2023)
19201,山梨県 甲府市,50180,2023,住宅・土地統計調査(2023)
19202,山梨県 富士吉田市,12920,2023,住宅・土地統計調査(2023)
19204,山梨県 都留市,8020,2023,住宅・土地統計調査(2023)
19205,山梨県 山梨市,10340,2023,住宅・土地統計調査(2023)
19206,山梨県 大月市,7470,2023,住宅・土地統計調査(2023)
19207,山梨県 韮崎市,8260,2023,住宅・土地統計調査(2023)
19208,山梨県 南アルプス市,20110,2023,住宅・土地統計調査(2023)
19209,山梨県 北杜市,16180,2023,住宅・土地統計調査(2023)
19210,山梨県 甲斐市,20360,2023,住宅・土地統計調査(2023)
19211,山梨県 笛吹市,19730,2023,住宅・土地統計調査(2023)
19212,山梨県 上野原市,7400,2023,住宅・土地統計調査(2023)
19213,山梨県 甲州市,8860,2023,住宅・土地統計調査(2023)
19214,山梨県 中央市,8540,2023,住宅・土地統計調査(2023)
19346,山梨県 市川三郷町,-,2023,住宅・土地統計調査(2023)
19364,山梨県 早川町,-,2023,住宅・土地統計調査(2023)
19365,山梨県 身延町,-,2023,住宅・土地統計調査(2023)
19366,山梨県 南部町,-,2023,住宅・土地統計調査(2023)
19368,山梨県 富士川町,-,2023,住宅・土地統計調査(2023)
19384,山梨県 昭和町,4750,2023,住宅・土地統計調査(2023)
19422,山梨県 道志村,-,2023,住宅・土地統計調査(2023)
19423,山梨県 西桂町,-,2023,住宅・土地統計調査(2023)
19424,山梨県 忍野村,-,2023,住宅・土地統計調査(2023)
19425,山梨県 山中湖村,-,2023,住宅・土地統計調査(2023)
19429,山梨県 鳴沢村,-,2023,住宅・土地統計調査(2023)
19430,山梨県 富士河口湖町,6540,2023,住宅・土地統計調査(2023)
19442,山梨県 小菅村,-,2023,住宅・土地統計調査(2023)
19443,山梨県 丹波山村,-,2023,住宅・土地統計調査(2023)
20201,長野県 長野市,99310,2023,住宅・土地統計調査(2023)
20202,長野県 松本市,63530,2023,住宅・土地統計調査(2023)
20203,長野県 上田市,44610,2023,住宅・土地統計調査(2023)
20204,長野県 岡谷市,13790,2023,住宅・土地統計調査(2023)
20205,長野県 飯田市,27020,2023,住宅・土地統計調査(2023)
20206,長野県 諏訪市,12880,2023,住宅・土地統計調査(2023)
20207,長野県 須坂市,14510,2023,住宅・土地統計調査(2023)
20208,長野県 小諸市,12910,2023,住宅・土地統計調査(2023)
20209,長野県 伊那市,18990,2023,住宅・土地統計調査(2023)
20210,長野県 駒ヶ根市,8980,2023,住宅・土地統計調査(2023)
20211,長野県 中野市,12280,2023,住宅・土地統計調査(2023)
20212,長野県 大町市,8380,2023,住宅・土地統計調査(2023)
20213,長野県 飯山市,6040,2023,住宅・土地統計調査(2023)
20214,長野県 茅野市,17480,2023,住宅・土地統計調査(2023)
20215,長野県 塩尻市,18280,2023,住宅・土地統計調査(2023)
20217,長野県 佐久市,29360,2023,住宅・土地統計調査(2023)
20218,長野県 千曲市,17530,2023,住宅・土地統計調査(2023)
20219,長野県 東御市,9450,2023,住宅・土地統計調査(2023)
20220,長野県 安曇野市,29480,2023,住宅・土地統計調査(2023)
20303,長野県 小海町,-,2023,住宅・土地統計調査(2023)
20304,長野県 川上村,-,2023,住宅・土地統計調査(2023)
20305,長野県 南牧村,-,2023,住宅・土地統計調査(2023)
20306,長野県 南相木村,-,2023,住宅・土地統計調査(2023)
20307,長野県 北相木村,-,2023,住宅・土地統計調査(2023)
20309,長野県 佐久穂町,-,2023,住宅・土地統計調査(2023)
20321,長野県 軽井沢町,6830,2023,住宅・土地統計調査(2023)
20323,長野県 御代田町,4860,2023,住宅・土地統計調査(2023)
20324,長野県 立科町,-,2023,住宅・土地統計調査(2023)
20349,長野県 青木村,-,2023,住宅・土地統計調査(2023)
20350,長野県 長和町,-,2023,住宅・土地統計調査(2023)
20361,長野県 下諏訪町,6370,2023,住宅・土地統計調査(2023)
20362,長野県 富士見町,-,2023,住宅・土地統計調査(2023)
20363,長野県 原村,-,2023,住宅・土地統計調査(2023)
20382,長野県 辰野町,5930,2023,住宅・土地統計調査(2023)
20383,長野県 箕輪町,7610,2023,住宅・土地統計調査(2023)
20384,長野県 飯島町,-,2023,住宅・土地統計調査(2023)
20385,長野県 南箕輪村,4390,2023,住宅・土地統計調査(2023)
20386,長野県 中川村,-,2023,住宅・土地統計調査(2023)
20388,長野県 宮田村,-,2023,住宅・土地統計調査(2023)
20402,長野県 松川町,-,2023,住宅・土地統計調査(2023)
20403,長野県 高森町,-,2023,住宅・土地統計調査(2023)
20404,長野県 阿南町,-,2023,住宅・土地統計調査(2023)
20407,長野県 阿智村,-,2023,住宅・土地統計調査(2023)
20409,長野県 平谷村,-,2023,住宅・土地統計調査(2023)
20410,長野県 根羽村,-,2023,住宅・土地統計調査(2023)
20411,長野県 下條村,-,2023,住宅・土地統計調査(2023)
20412,長野県 売木村,-,2023,住宅・土地統計調査(2023)
20413,長野県 天龍村,-,2023,住宅・土地統計調査(2023)
20414,長野県 泰阜村,-,2023,住宅・土地統計調査(2023)
20415,長野県 喬木村,-,2023,住宅・土地統計調査(2023)
20416,長野県 豊丘村,-,2023,住宅・土地統計調査(2023)
20417,長野県 大鹿村,-,2023,住宅・土地統計調査(2023)
20422,長野県 上松町,-,2023,住宅・土地統計調査(2023)
20423,長野県 南木曽町,-,2023,住宅・土地統計調査(2023)
20425,長野県 木祖村,-,2023,住宅・土地統計調査(2023)
20429,長野県 王滝村,-,2023,住宅・土地統計調査(2023)
20430,長野県 大桑村,-,2023,住宅・土地統計調査(2023)
20432,長野県 木曽町,-,2023,住宅・土地統計調査(2023)
20446,長野県 麻績村,-,2023,住宅・土地統計調査(2023)
20448,長野県 生坂村,-,2023,住宅・土地統計調査(2023)
20450,長野県 山形村,-,2023,住宅・土地統計調査(2023)
20451,長野県 朝日村,-,2023,住宅・土地統計調査(2023)
20452,長野県 筑北村,-,2023,住宅・土地統計調査(2023)
20481,長野県 池田町,-,2023,住宅・土地統計調査(2023)
20482,長野県 松川村,-,2023,住宅・土地統計調査(2023)
20485,長野県 白馬村,-,2023,住宅・土地統計調査(2023)
20486,長野県 小谷村,-,2023,住宅・土地統計調査(2023)
20521,長野県 坂城町,-,2023,住宅・土地統計調査(2023)
20541,長野県 小布施町,-,2023,住宅・土地統計調査(2023)
20543,長野県 高山村,-,2023,住宅・土地統計調査(2023)
20561,長野県 山ノ内町,-,2023,住宅・土地統計調査(2023)
20562,長野県 木島平村,-,2023,住宅・土地統計調査(2023)
20563,長野県 野沢温泉村,-,2023,住宅・土地統計調査(2023)
20583,長野県 信濃町,-,2023,住宅・土地統計調査(2023)
20588,長野県 小川村,-,2023,住宅・土地統計調査(2023)
20590,長野県 飯綱町,-,2023,住宅・土地統計調査(2023)
20602,長野県 栄村,-,2023,住宅・土地統計調査(2023)
21201,岐阜県 岐阜市,114000,2023,住宅・土地統計調査(2023)
21202,岐阜県 大垣市,41910,2023,住宅・土地統計調査(2023)
21203,岐阜県 高山市,23010,2023,住宅・土地統計調査(2023)
21204,岐阜県 多治見市,32750,2023,住宅・土地統計調査(2023)
21205,岐阜県 関市,24790,2023,住宅・土地統計調査(2023)
21206,岐阜県 中津川市,23110,2023,住宅・土地統計調査(2023)
21207,岐阜県 美濃市,6010,2023,住宅・土地統計調査(2023)
21208,岐阜県 瑞浪市,10490,2023,住宅・土地統計調査(2023)
21209,岐阜県 羽島市,18630,2023,住宅・土地統計調査(2023)
21210,岐阜県 恵那市,14430,2023,住宅・土地統計調査(2023)
21211,岐阜県 美濃加茂市,15450,2023,住宅・土地統計調査(2023)
21212,岐阜県 土岐市,16740,2023,住宅・土地統計調査(2023)
21213,岐阜県 各務原市,40780,2023,住宅・土地統計調査(2023)
21214,岐阜県 可児市,30070,2023,住宅・土地統計調査(2023)
21215,岐阜県 山県市,8060,2023,住宅・土地統計調査(2023)
21216,岐阜県 瑞穂市,14480,2023,住宅・土地統計調査(2023)
21217,岐阜県 飛騨市,6650,2023,住宅・土地統計調査(2023)
21218,岐阜県 本巣市,10050,2023,住宅・土地統計調査(2023)
21219,岐阜県 郡上市,12360,2023,住宅・土地統計調査(2023)
21220,岐阜県 下呂市,8470,2023,住宅・土地統計調査(2023)
21221,岐阜県 海津市,9820,2023,住宅・土地統計調査(2023)
21302,岐阜県 岐南町,5420,2023,住宅・土地統計調査(2023)
21303,岐阜県 笠松町,5960,2023,住宅・土地統計調査(2023)
21341,岐阜県 養老町,7960,2023,住宅・土地統計調査(2023)
21361,岐阜県 垂井町,7550,2023,住宅・土地統計調査(2023)
21362,岐阜県 関ケ原町,-,2023,住宅・土地統計調査(2023)
21381,岐阜県 神戸町,5410,2023,住宅・土地統計調査(2023)
21382,岐阜県 輪之内町,-,2023,住宅・土地統計調査(2023)
21383,岐阜県 安八町,-,2023,住宅・土地統計調査(2023)
21401,岐阜県 揖斐川町,5540,2023,住宅・土地統計調査(2023)
21403,岐阜県 大野町,7130,2023,住宅・土地統計調査(2023)
21404,岐阜県 池田町,7240,2023,住宅・土地統計調査(2023)
21421,岐阜県 北方町,4330,2023,住宅・土地統計調査(2023)
21501,岐阜県 坂祝町,-,2023,住宅・土地統計調査(2023)
21502,岐阜県 富加町,-,2023,住宅・土地統計調査(2023)
21503,岐阜県 川辺町,-,2023,住宅・土地統計調査(2023)
21504,岐阜県 七宗町,-,2023,住宅・土地統計調査(2023)
21505,岐阜県 八百津町,-,2023,住宅・土地統計調査(2023)
21506,岐阜県 白川町,-,2023,住宅・土地統計調査(2023)
21507,岐阜県 東白川村,-,2023,住宅・土地統計調査(2023)
21521,岐阜県 御嵩町,5490,2023,住宅・土地統計調査(2023)
21604,岐阜県 白川村,-,2023,住宅・土地統計調査(2023)
22100,静岡県 静岡市,183200,2023,住宅・土地統計調査(2023)
22130,静岡県 浜松市,209200,2023,住宅・土地統計調査(2023)
22203,静岡県 沼津市,49050,2023,住宅・土地統計調査(2023)
22205,静岡県 熱海市,12030,2023,住宅・土地統計調査(2023)
22206,静岡県 三島市,28320,2023,住宅・土地統計調査(2023)
22207,静岡県 富士宮市,36710,2023,住宅・土地統計調査(2023)
22208,静岡県 伊東市,23770,2023,住宅・土地統計調査(2023)
22209,静岡県 島田市,27340,2023,住宅・土地統計調査(2023)
22210,静岡県 富士市,67700,2023,住宅・土地統計調査(2023)
22211,静岡県 磐田市,47120,2023,住宅・土地統計調査(2023)
22212,静岡県 焼津市,39460,2023,住宅・土地統計調査(2023)
22213,静岡県 掛川市,30690,2023,住宅・土地統計調査(2023)
22214,静岡県 藤枝市,41230,2023,住宅・土地統計調査(2023)
22215,静岡県 御殿場市,19460,2023,住宅・土地統計調査(2023)
22216,静岡県 袋井市,21830,2023,住宅・土地統計調査(2023)
22219,静岡県 下田市,6840,2023,住宅・土地統計調査(2023)
22220,静岡県 裾野市,13540,2023,住宅・土地統計調査(2023)
22221,静岡県 湖西市,15750,2023,住宅・土地統計調査(2023)
22222,静岡県 伊豆市,9350,2023,住宅・土地統計調査(2023)
22223,静岡県 御前崎市,8480,2023,住宅・土地統計調査(2023)
22224,静岡県 菊川市,12350,2023,住宅・土地統計調査(2023)
22225,静岡県 伊豆の国市,12130,2023,住宅・土地統計調査(2023)
22226,静岡県 牧之原市,12020,2023,住宅・土地統計調査(2023)
22301,静岡県 東伊豆町,-,2023,住宅・土地統計調査(2023)
22302,静岡県 河津町,-,2023,住宅・土地統計調査(2023)
22304,静岡県 南伊豆町,-,2023,住宅・土地統計調査(2023)
22305,静岡県 松崎町,-,2023,住宅・土地統計調査(2023)
22306,静岡県 西伊豆町,-,2023,住宅・土地統計調査(2023)
22325,静岡県 函南町,11120,2023,住宅・土地統計調査(2023)
22341,静岡県 清水町,7400,2023,住宅・土地統計調査(2023)
22342,静岡県 長泉町,9260,2023,住宅・土地統計調査(2023)
22344,静岡県 小山町,4480,2023,住宅・土地統計調査(2023)
22424,静岡県 吉田町,7880,2023,住宅・土地統計調査(2023)
22429,静岡県 川根本町,-,2023,住宅・土地統計調査(2023)
22461,静岡県 森町,5430,2023,住宅・土地統計調査(2023)
23100,愛知県 名古屋市,526200,2023,住宅・土地統計調査(2023)
23201,愛知県 豊橋市,95180,2023,住宅・土地統計調査(2023)
23202,愛知県 岡崎市,100820,2023,住宅・土地統計調査(2023)
23203,愛知県 一宮市,105350,2023,住宅・土地統計調査(2023)
23204,愛知県 瀬戸市,39450,2023,住宅・土地統計調査(2023)
23205,愛知県 半田市,32650,2023,住宅・土地統計調査(2023)
23206,愛知県 春日井市,79020,2023,住宅・土地統計調査(2023)
23207,愛知県 豊川市,49290,2023,住宅・土地統計調査(2023)
23208,愛知県 津島市,17160,2023,住宅・土地統計調査(2023)
23209,愛知県 碧南市,18830,2023,住宅・土地統計調査(2023)
23210,愛知県 刈谷市,37730,2023,住宅・土地統計調査(2023)
23211,愛知県 豊田市,104700,2023,住宅・土地統計調査(2023)
23212,愛知県 安城市,46820,2023,住宅・土地統計調査(2023)
23213,愛知県 西尾市,46720,2023,住宅・土地統計調査(2023)
23214,愛知県 蒲郡市,22050,2023,住宅・土地統計調査(2023)
23215,愛知県 犬山市,21290,2023,住宅・土地統計調査(2023)
23216,愛知県 常滑市,17100,2023,住宅・土地統計調査(2023)
23217,愛知県 江南市,27470,2023,住宅・土地統計調査(2023)
23219,愛知県 小牧市,34870,2023,住宅・土地統計調査(2023)
23220,愛知県 稲沢市,37150,2023,住宅・土地統計調査(2023)
23221,愛知県 新城市,14070,2023,住宅・土地統計調査(2023)
23222,愛知県 東海市,28060,2023,住宅・土地統計調査(2023)
23223,愛知県 大府市,24810,2023,住宅・土地統計調査(2023)
23224,愛知県 知多市,24410,2023,住宅・土地統計調査(2023)
23225,愛知県 知立市,16860,2023,住宅・土地統計調査(2023)
23226,愛知県 尾張旭市,24570,2023,住宅・土地統計調査(2023)
23227,愛知県 高浜市,11430,2023,住宅・土地統計調査(2023)
23228,愛知県 岩倉市,10970,2023,住宅・土地統計調査(2023)
23229,愛知県 豊明市,18280,2023,住宅・土地統計調査(2023)
23230,愛知県 日進市,25830,2023,住宅・土地統計調査(2023)
23231,愛知県 田原市,15420,2023,住宅・土地統計調査(2023)
23232,愛知県 愛西市,18790,2023,住宅・土地統計調査(2023)
23233,愛知県 清須市,17000,2023,住宅・土地統計調査(2023)
23234,愛知県 北名古屋市,21330,2023,住宅・土地統計調査(2023)
23235,愛知県 弥富市,11850,2023,住宅・土地統計調査(2023)
23236,愛知県 みよし市,15920,2023,住宅・土地統計調査(2023)
23237,愛知県 あま市,25200,2023,住宅・土地統計調査(2023)
23238,愛知県 長久手市,14670,2023,住宅・土地統計調査(2023)
23302,愛知県 東郷町,12430,2023,住宅・土地統計調査(2023)
23342,愛知県 豊山町,3460,2023,住宅・土地統計調査(2023)
23361,愛知県 大口町,6580,2023,住宅・土地統計調査(2023)
23362,愛知県 扶桑町,9330,2023,住宅・土地統計調査(2023)
23424,愛知県 大治町,9110,2023,住宅・土地統計調査(2023)
23425,愛知県 蟹江町,9650,2023,住宅・土地統計調査(2023)
23427,愛知県 飛島村,-,2023,住宅・土地統計調査(2023)
23441,愛知県 阿久比町,8390,2023,住宅・土地統計調査(2023)
23442,愛知県 東浦町,14620,2023,住宅・土地統計調査(2023)
23445,愛知県 南知多町,5410,2023,住宅・土地統計調査(2023)
23446,愛知県 美浜町,7150,2023,住宅・土地統計調査(2023)
23447,愛知県 武豊町,12530,2023,住宅・土地統計調査(2023)
23501,愛知県 幸田町,10820,2023,住宅・土地統計調査(2023)
23561,愛知県 設楽町,-,2023,住宅・土地統計調査(2023)
23562,愛知県 東栄町,-,2023,住宅・土地統計調査(2023)
23563,愛知県 豊根村,-,2023,住宅・土地統計調査(2023)
24201,三重県 津市,81280,2023,住宅・土地統計調査(2023)
24202,三重県 四日市市,83570,2023,住宅・土地統計調査(2023)
24203,三重県 伊勢市,37540,2023,住宅・土地統計調査(2023)
24204,三重県 松阪市,44200,2023,住宅・土地統計調査(2023)
24205,三重県 桑名市,41260,2023,住宅・土地統計調査(2023)
24207,三重県 鈴鹿市,55230,2023,住宅・土地統計調査(2023)
24208,三重県 名張市,24590,2023,住宅・土地統計調査(2023)
24209,三重県 尾鷲市,6110,2023,住宅・土地統計調査(2023)
24210,三重県 亀山市,14760,2023,住宅・土地統計調査(2023)
24211,三重県 鳥羽市,5690,2023,住宅・土地統計調査(2023)
24212,三重県 熊野市,5840,2023,住宅・土地統計調査(2023)
24214,三重県 いなべ市,13060,2023,住宅・土地統計調査(2023)
24215,三重県 志摩市,16140,2023,住宅・土地統計調査(2023)
24216,三重県 伊賀市,25140,2023,住宅・土地統計調査(2023)
24303,三重県 木曽岬町,-,2023,住宅・土地統計調査(2023)
24324,三重県 東員町,8590,2023,住宅・土地統計調査(2023)
24341,三重県 菰野町,12120,2023,住宅・土地統計調査(2023)
24343,三重県 朝日町,-,2023,住宅・土地統計調査(2023)
24344,三重県 川越町,4130,2023,住宅・土地統計調査(2023)
24441,三重県 多気町,-,2023,住宅・土地統計調査(2023)
24442,三重県 明和町,7160,2023,住宅・土地統計調査(2023)
24443,三重県 大台町,-,2023,住宅・土地統計調査(2023)
24461,三重県 玉城町,4740,2023,住宅・土地統計調査(2023)
24470,三重県 度会町,-,2023,住宅・土地統計調査(2023)
24471,三重県 大紀町,-,2023,住宅・土地統計調査(2023)
24472,三重県 南伊勢町,-,2023,住宅・土地統計調査(2023)
24543,三重県 紀北町,-,2023,住宅・土地統計調査(2023)
24561,三重県 御浜町,-,2023,住宅・土地統計調査(2023)
24562,三重県 紀宝町,-,2023,住宅・土地統計調査(2023)
25201,滋賀県 大津市,107930,2023,住宅・土地統計調査(2023)
25202,滋賀県 彦根市,30990,2023,住宅・土地統計調査(2023)
25203,滋賀県 長浜市,32740,2023,住宅・土地統計調査(2023)
25204,滋賀県 近江八幡市,23700,2023,住宅・土地統計調査(2023)
25206,滋賀県 草津市,37720,2023,住宅・土地統計調査(2023)
25207,滋賀県 守山市,24330,2023,住宅・土地統計調査(2023)
25208,滋賀県 栗東市,16870,2023,住宅・土地統計調査(2023)
25209,滋賀県 甲賀市,26020,2023,住宅・土地統計調査(2023)
25210,滋賀県 野洲市,14560,2023,住宅・土地統計調査(2023)
25211,滋賀県 湖南市,14590,2023,住宅・土地統計調査(2023)
25212,滋賀県 高島市,15260,2023,住宅・土地統計調査(2023)
25213,滋賀県 東近江市,31830,2023,住宅・土地統計調査(2023)
25214,滋賀県 米原市,11680,2023,住宅・土地統計調査(2023)
25383,滋賀県 日野町,6480,2023,住宅・土地統計調査(2023)
25384,滋賀県 竜王町,-,2023,住宅・土地統計調査(2023)
25425,滋賀県 愛荘町,6030,2023,住宅・土地統計調査(2023)
25441,滋賀県 豊郷町,-,2023,住宅・土地統計調査(2023)
25442,滋賀県 甲良町,-,2023,住宅・土地統計調査(2023)
25443,滋賀県 多賀町,-,2023,住宅・土地統計調査(2023)
26100,京都府 京都市,381800,2023,住宅・土地統計調査(2023)
26201,京都府 福知山市,20550,2023,住宅・土地統計調査(2023)
26202,京都府 舞鶴市,21530,2023,住宅・土地統計調査(2023)
26203,京都府 綾部市,9670,2023,住宅・土地統計調査(2023)
26204,京都府 宇治市,55360,2023,住宅・土地統計調査(2023)
26205,京都府 宮津市,5260,2023,住宅・土地統計調査(2023)
26206,京都府 亀岡市,27140,2023,住宅・土地統計調査(2023)
26207,京都府 城陽市,24380,2023,住宅・土地統計調査(2023)
26208,京都府 向日市,17450,2023,住宅・土地統計調査(2023)
26209,京都府 長岡京市,24080,2023,住宅・土地統計調査(2023)
26210,京都府 八幡市,21060,2023,住宅・土地統計調査(2023)
26211,京都府 京田辺市,20860,2023,住宅・土地統計調査(2023)
26212,京都府 京丹後市,16800,2023,住宅・土地統計調査(2023)
26213,京都府 南丹市,8250,2023,住宅・土地統計調査(2023)
26214,京都府 木津川市,23030,2023,住宅・土地統計調査(2023)
26303,京都府 大山崎町,5260,2023,住宅・土地統計調査(2023)
26322,京都府 久御山町,3800,2023,住宅・土地統計調査(2023)
26343,京都府 井手町,-,2023,住宅・土地統計調査(2023)
26344,京都府 宇治田原町,-,2023,住宅・土地統計調査(2023)
26364,京都府 笠置町,-,2023,住宅・土地統計調査(2023)
26365,京都府 和束町,-,2023,住宅・土地統計調査(2023)
26366,京都府 精華町,11540,2023,住宅・土地統計調査(2023)
26367,京都府 南山城村,-,2023,住宅・土地統計調査(2023)
26407,京都府 京丹波町,-,2023,住宅・土地統計調査(2023)
26463,京都府 伊根町,-,2023,住宅・土地統計調査(2023)
26465,京都府 与謝野町,6620,2023,住宅・土地統計調査(2023)
27100,大阪府 大阪市,609900,2023,住宅・土地統計調査(2023)
27140,大阪府 堺市,222600,2023,住宅・土地統計調査(2023)
27202,大阪府 岸和田市,50920,2023,住宅・土地統計調査(2023)
27203,大阪府 豊中市,96000,2023,住宅・土地統計調査(2023)
27204,大阪府 池田市,28010,2023,住宅・土地統計調査(2023)
27205,大阪府 吹田市,93480,2023,住宅・土地統計調査(2023)
27206,大阪府 泉大津市,18460,2023,住宅・土地統計調査(2023)
27207,大阪府 高槻市,99630,2023,住宅・土地統計調査(2023)
27208,大阪府 貝塚市,24150,2023,住宅・土地統計調査(2023)
27209,大阪府 守口市,39800,2023,住宅・土地統計調査(2023)
27210,大阪府 枚方市,118260,2023,住宅・土地統計調査(2023)
27211,大阪府 茨木市,71030,2023,住宅・土地統計調査(2023)
27212,大阪府 八尾市,74990,2023,住宅・土地統計調査(2023)
27213,大阪府 泉佐野市,27540,2023,住宅・土地統計調査(2023)
27214,大阪府 富田林市,29630,2023,住宅・土地統計調査(2023)
27215,大阪府 寝屋川市,63630,2023,住宅・土地統計調査(2023)
27216,大阪府 河内長野市,34090,2023,住宅・土地統計調査(2023)
27217,大阪府 松原市,37060,2023,住宅・土地統計調査(2023)
27218,大阪府 大東市,31580,2023,住宅・土地統計調査(2023)
27219,大阪府 和泉市,54700,2023,住宅・土地統計調査(2023)
27220,大阪府 箕面市,36920,2023,住宅・土地統計調査(2023)
27221,大阪府 柏原市,20800,2023,住宅・土地統計調査(2023)
27222,大阪府 羽曳野市,33370,2023,住宅・土地統計調査(2023)
27223,大阪府 門真市,28630,2023,住宅・土地統計調査(2023)
27224,大阪府 摂津市,23560,2023,住宅・土地統計調査(2023)
27225,大阪府 高石市,15660,2023,住宅・土地統計調査(2023)
27226,大阪府 藤井寺市,17910,2023,住宅・土地統計調査(2023)
27227,大阪府 東大阪市,137550,2023,住宅・土地統計調査(2023)
27228,大阪府 泉南市,16710,2023,住宅・土地統計調査(2023)
27229,大阪府 四條畷市,15010,2023,住宅・土地統計調査(2023)
27230,大阪府 交野市,22450,2023,住宅・土地統計調査(2023)
27231,大阪府 大阪狭山市,18530,2023,住宅・土地統計調査(2023)
27232,大阪府 阪南市,16470,2023,住宅・土地統計調査(2023)
27301,大阪府 島本町,9790,2023,住宅・土地統計調査(2023)
27321,大阪府 豊能町,7250,2023,住宅・土地統計調査(2023)
27322,大阪府 能勢町,-,2023,住宅・土地統計調査(2023)
27341,大阪府 忠岡町,4970,2023,住宅・土地統計調査(2023)
27361,大阪府 熊取町,13460,2023,住宅・土地統計調査(2023)
27362,大阪府 田尻町,-,2023,住宅・土地統計調査(2023)
27366,大阪府 岬町,-,2023,住宅・土地統計調査(2023)
27381,大阪府 太子町,-,2023,住宅・土地統計調査(2023)
27382,大阪府 河南町,5060,2023,住宅・土地統計調査(2023)
27383,大阪府 千早赤阪村,-,2023,住宅・土地統計調査(2023)
28100,兵庫県 神戸市,423700,2023,住宅・土地統計調査(2023)
28201,兵庫県 姫路市,149230,2023,住宅・土地統計調査(2023)
28202,兵庫県 尼崎市,107770,2023,住宅・土地統計調査(2023)
28203,兵庫県 明石市,90350,2023,住宅・土地統計調査(2023)
28204,兵庫県 西宮市,121560,2023,住宅・土地統計調査(2023)
28205,兵庫県 洲本市,12230,2023,住宅・土地統計調査(2023)
28206,兵庫県 芦屋市,29090,2023,住宅・土地統計調査(2023)
28207,兵庫県 伊丹市,49430,2023,住宅・土地統計調査(2023)
28208,兵庫県 相生市,9110,2023,住宅・土地統計調査(2023)
28209,兵庫県 豊岡市,21980,2023,住宅・土地統計調査(2023)
28210,兵庫県 加古川市,81430,2023,住宅・土地統計調査(2023)
28212,兵庫県 赤穂市,13560,2023,住宅・土地統計調査(2023)
28213,兵庫県 西脇市,11170,2023,住宅・土地統計調査(2023)
28214,兵庫県 宝塚市,64980,2023,住宅・土地統計調査(2023)
28215,兵庫県 三木市,25420,2023,住宅・土地統計調査(2023)
28216,兵庫県 高砂市,27430,2023,住宅・土地統計調査(2023)
28217,兵庫県 川西市,50080,2023,住宅・土地統計調査(2023)
28218,兵庫県 小野市,13730,2023,住宅・土地統計調査(2023)
28219,兵庫県 三田市,33500,2023,住宅・土地統計調査(2023)
28220,兵庫県 加西市,13150,2023,住宅・土地統計調査(2023)
28221,兵庫県 丹波篠山市,12860,2023,住宅・土地統計調査(2023)
28222,兵庫県 養父市,6750,2023,住宅・土地統計調査(2023)
28223,兵庫県 丹波市,18870,2023,住宅・土地統計調査(2023)
28224,兵庫県 南あわじ市,13650,2023,住宅・土地統計調査(2023)
28225,兵庫県 朝来市,8750,2023,住宅・土地統計調査(2023)
28226,兵庫県 淡路市,12320,2023,住宅・土地統計調査(2023)
28227,兵庫県 宍粟市,10560,2023,住宅・土地統計調査(2023)
28228,兵庫県 加東市,10280,2023,住宅・土地統計調査(2023)
28229,兵庫県 たつの市,22130,2023,住宅・土地統計調査(2023)
28301,兵庫県 猪名川町,10600,2023,住宅・土地統計調査(2023)
28365,兵庫県 多可町,5440,2023,住宅・土地統計調査(2023)
28381,兵庫県 稲美町,10250,2023,住宅・土地統計調査(2023)
28382,兵庫県 播磨町,10930,2023,住宅・土地統計調査(2023)
28442,兵庫県 市川町,-,2023,住宅・土地統計調査(2023)
28443,兵庫県 福崎町,5720,2023,住宅・土地統計調査(2023)
28446,兵庫県 神河町,-,2023,住宅・土地統計調査(2023)
28464,兵庫県 太子町,10660,2023,住宅・土地統計調査(2023)
28481,兵庫県 上郡町,-,2023,住宅・土地統計調査(2023)
28501,兵庫県 佐用町,5050,2023,住宅・土地統計調査(2023)
28585,兵庫県 香美町,4880,2023,住宅・土地統計調査(2023)
28586,兵庫県 新温泉町,-,2023,住宅・土地統計調査(2023)
29201,奈良県 奈良市,106140,2023,住宅・土地統計調査(2023)
29202,奈良県 大和高田市,18670,2023,住宅・土地統計調査(2023)
29203,奈良県 大和郡山市,24790,2023,住宅・土地統計調査(2023)
29204,奈良県 天理市,16800,2023,住宅・土地統計調査(2023)
29205,奈良県 橿原市,33270,2023,住宅・土地統計調査(2023)
29206,奈良県 桜井市,16120,2023,住宅・土地統計調査(2023)
29207,奈良県 五條市,9010,2023,住宅・土地統計調査(2023)
29208,奈良県 御所市,7090,2023,住宅・土地統計調査(2023)
29209,奈良県 生駒市,36830,2023,住宅・土地統計調査(2023)
29210,奈良県 香芝市,21340,2023,住宅・土地統計調査(2023)
29211,奈良県 葛城市,11190,2023,住宅・土地統計調査(2023)
29212,奈良県 宇陀市,9460,2023,住宅・土地統計調査(2023)
29322,奈良県 山添村,-,2023,住宅・土地統計調査(2023)
29342,奈良県 平群町,6770,2023,住宅・土地統計調査(2023)
29343,奈良県 三郷町,7280,2023,住宅・土地統計調査(2023)
29344,奈良県 斑鳩町,8720,2023,住宅・土地統計調査(2023)
29345,奈良県 安堵町,-,2023,住宅・土地統計調査(2023)
29361,奈良県 川西町,-,2023,住宅・土地統計調査(2023)
29362,奈良県 三宅町,-,2023,住宅・土地統計調査(2023)
29363,奈良県 田原本町,9060,2023,住宅・土地統計調査(2023)
29385,奈良県 曽爾村,-,2023,住宅・土地統計調査(2023)
29386,奈良県 御杖村,-,2023,住宅・土地統計調査(2023)
29401,奈良県 高取町,-,2023,住宅・土地統計調査(2023)
29402,奈良県 明日香村,-,2023,住宅・土地統計調査(2023)
29424,奈良県 上牧町,7090,2023,住宅・土地統計調査(2023)
29425,奈良県 王寺町,7010,2023,住宅・土地統計調査(2023)
29426,奈良県 広陵町,10420,2023,住宅・土地統計調査(2023)
29427,奈良県 河合町,5260,2023,住宅・土地統計調査(2023)
29441,奈良県 吉野町,-,2023,住宅・土地統計調査(2023)
29442,奈良県 大淀町,5280,2023,住宅・土地統計調査(2023)
29443,奈良県 下市町,-,2023,住宅・土地統計調査(2023)
29444,奈良県 黒滝村,-,2023,住宅・土地統計調査(2023)
29446,奈良県 天川村,-,2023,住宅・土地統計調査(2023)
29447,奈良県 野迫川村,-,2023,住宅・土地統計調査(2023)
29449,奈良県 十津川村,-,2023,住宅・土地統計調査(2023)
29450,奈良県 下北山村,-,2023,住宅・土地統計調査(2023)
29451,奈良県 上北山村,-,2023,住宅・土地統計調査(2023)
29452,奈良県 川上村,-,2023,住宅・土地統計調査(2023)
29453,奈良県 東吉野村,-,2023,住宅・土地統計調査(2023)
30201,和歌山県 和歌山市,102170,2023,住宅・土地統計調査(2023)
30202,和歌山県 海南市,15680,2023,住宅・土地統計調査(2023)
30203,和歌山県 橋本市,19920,2023,住宅・土地統計調査(2023)
30204,和歌山県 有田市,7290,2023,住宅・土地統計調査(2023)
30205,和歌山県 御坊市,7130,2023,住宅・土地統計調査(2023)
30206,和歌山県 田辺市,22540,2023,住宅・土地統計調査(2023)
30207,和歌山県 新宮市,8030,2023,住宅・土地統計調査(2023)
30208,和歌山県 紀の川市,19650,2023,住宅・土地統計調査(2023)
30209,和歌山県 岩出市,17480,2023,住宅・土地統計調査(2023)
30304,和歌山県 紀美野町,-,2023,住宅・土地統計調査(2023)
30341,和歌山県 かつらぎ町,4940,2023,住宅・土地統計調査(2023)
30343,和歌山県 九度山町,-,2023,住宅・土地統計調査(2023)
30344,和歌山県 高野町,-,2023,住宅・土地統計調査(2023)
30361,和歌山県 湯浅町,-,2023,住宅・土地統計調査(2023)
30362,和歌山県 広川町,-,2023,住宅・土地統計調査(2023)
30366,和歌山県 有田川町,8200,2023,住宅・土地統計調査(2023)
30381,和歌山県 美浜町,-,2023,住宅・土地統計調査(2023)
30382,和歌山県 日高町,-,2023,住宅・土地統計調査(2023)
30383,和歌山県 由良町,-,2023,住宅・土地統計調査(2023)
30390,和歌山県 印南町,-,2023,住宅・土地統計調査(2023)
30391,和歌山県 みなべ町,-,2023,住宅・土地統計調査(2023)
30392,和歌山県 日高川町,-,2023,住宅・土地統計調査(2023)
30401,和歌山県 白浜町,6770,2023,住宅・土地統計調査(2023)
30404,和歌山県 上富田町,5140,2023,住宅・土地統計調査(2023)
30406,和歌山県 すさみ町,-,2023,住宅・土地統計調査(2023)
30421,和歌山県 那智勝浦町,-,2023,住宅・土地統計調査(2023)
30422,和歌山県 太地町,-,2023,住宅・土地統計調査(2023)
30424,和歌山県 古座川町,-,2023,住宅・土地統計調査(2023)
30427,和歌山県 北山村,-,2023,住宅・土地統計調査(2023)
30428,和歌山県 串本町,-,2023,住宅・土地統計調査(2023)
31201,鳥取県 鳥取市,49550,2023,住宅・土地統計調査(2023)
31202,鳥取県 米子市,39290,2023,住宅・土地統計調査(2023)
31203,鳥取県 倉吉市,11690,2023,住宅・土地統計調査(2023)
31204,鳥取県 境港市,9770,2023,住宅・土地統計調査(2023)
31302,鳥取県 岩美町,-,2023,住宅・土地統計調査(2023)
31325,鳥取県 若桜町,-,2023,住宅・土地統計調査(2023)
31328,鳥取県 智頭町,-,2023,住宅・土地統計調査(2023)
31329,鳥取県 八頭町,4880,2023,住宅・土地統計調査(2023)
31364,鳥取県 三朝町,-,2023,住宅・土地統計調査(2023)
31370,鳥取県 湯梨浜町,4730,2023,住宅・土地統計調査(2023)
31371,鳥取県 琴浦町,4650,2023,住宅・土地統計調査(2023)
31372,鳥取県 北栄町,-,2023,住宅・土地統計調査(2023)
31384,鳥取県 日吉津村,-,2023,住宅・土地統計調査(2023)
31386,鳥取県 大山町,5320,2023,住宅・土地統計調査(2023)
31389,鳥取県 南部町,-,2023,住宅・土地統計調査(2023)
31390,鳥取県 伯耆町,-,2023,住宅・土地統計調査(2023)
31401,鳥取県 日南町,-,2023,住宅・土地統計調査(2023)
31402,鳥取県 日野町,-,2023,住宅・土地統計調査(2023)
31403,鳥取県 江府町,-,2023,住宅・土地統計調査(2023)
32201,島根県 松江市,51630,2023,住宅・土地統計調査(2023)
32202,島根県 浜田市,15810,2023,住宅・土地統計調査(2023)
32203,島根県 出雲市,44480,2023,住宅・土地統計調査(2023)
32204,島根県 益田市,13420,2023,住宅・土地統計調査(2023)
32205,島根県 大田市,10620,2023,住宅・土地統計調査(2023)
32206,島根県 安来市,10270,2023,住宅・土地統計調査(2023)
32207,島根県 江津市,6720,2023,住宅・土地統計調査(2023)
32209,島根県 雲南市,10510,2023,住宅・土地統計調査(2023)
32343,島根県 奥出雲町,-,2023,住宅・土地統計調査(2023)
32386,島根県 飯南町,-,2023,住宅・土地統計調査(2023)
32441,島根県 川本町,-,2023,住宅・土地統計調査(2023)
32448,島根県 美郷町,-,2023,住宅・土地統計調査(2023)
32449,島根県 邑南町,-,2023,住宅・土地統計調査(2023)
32501,島根県 津和野町,-,2023,住宅・土地統計調査(2023)
32505,島根県 吉賀町,-,2023,住宅・土地統計調査(2023)
32525,島根県 海士町,-,2023,住宅・土地統計調査(2023)
32526,島根県 西ノ島町,-,2023,住宅・土地統計調査(2023)
32527,島根県 知夫村,-,2023,住宅・土地統計調査(2023)
32528,島根県 隠岐の島町,-,2023,住宅・土地統計調査(2023)
33100,岡山県 岡山市,185100,2023,住宅・土地統計調査(2023)
33202,岡山県 倉敷市,128980,2023,住宅・土地統計調査(2023)
33203,岡山県 津山市,26900,2023,住宅・土地統計調査(2023)
33204,岡山県 玉野市,18390,2023,住宅・土地統計調査(2023)
33205,岡山県 笠岡市,14560,2023,住宅・土地統計調査(2023)
33207,岡山県 井原市,11110,2023,住宅・土地統計調査(2023)
33208,岡山県 総社市,18870,2023,住宅・土地統計調査(2023)
33209,岡山県 高梁市,8140,2023,住宅・土地統計調査(2023)
33210,岡山県 新見市,8520,2023,住宅・土地統計調査(2023)
33211,岡山県 備前市,10780,2023,住宅・土地統計調査(2023)
33212,岡山県 瀬戸内市,11330,2023,住宅・土地統計調査(2023)
33213,岡山県 赤磐市,13820,2023,住宅・土地統計調査(2023)
33214,岡山県 真庭市,12870,2023,住宅・土地統計調査(2023)
33215,岡山県 美作市,8400,2023,住宅・土地統計調査(2023)
33216,岡山県 浅口市,10530,2023,住宅・土地統計調査(2023)
33346,岡山県 和気町,-,2023,住宅・土地統計調査(2023)
33423,岡山県 早島町,-,2023,住宅・土地統計調査(2023)
33445,岡山県 里庄町,-,2023,住宅・土地統計調査(2023)
33461,岡山県 矢掛町,-,2023,住宅・土地統計調査(2023)
33586,岡山県 新庄村,-,2023,住宅・土地統計調査(2023)
33606,岡山県 鏡野町,-,2023,住宅・土地統計調査(2023)
33622,岡山県 勝央町,-,2023,住宅・土地統計調査(2023)
33623,岡山県 奈義町,-,2023,住宅・土地統計調査(2023)
33643,岡山県 西粟倉村,-,2023,住宅・土地統計調査(2023)
33663,岡山県 久米南町,-,2023,住宅・土地統計調査(2023)
33666,岡山県 美咲町,-,2023,住宅・土地統計調査(2023)
33681,岡山県 吉備中央町,-,2023,住宅・土地統計調査(2023)
34100,広島県 広島市,295700,2023,住宅・土地統計調査(2023)
34202,広島県 呉市,64700,2023,住宅・土地統計調査(2023)
34203,広島県 竹原市,7160,2023,住宅・土地統計調査(2023)
34204,広島県 三原市,27300,2023,住宅・土地統計調査(2023)
34205,広島県 尾道市,40450,2023,住宅・土地統計調査(2023)
34207,広島県 福山市,127550,2023,住宅・土地統計調査(2023)
34208,広島県 府中市,10670,2023,住宅・土地統計調査(2023)
34209,広島県 三次市,14340,2023,住宅・土地統計調査(2023)
34210,広島県 庄原市,9820,2023,住宅・土地統計調査(2023)
34211,広島県 大竹市,7440,2023,住宅・土地統計調査(2023)
34212,広島県 東広島市,54360,2023,住宅・土地統計調査(2023)
34213,広島県 廿日市市,34190,2023,住宅・土地統計調査(2023)
34214,広島県 安芸高田市,8770,2023,住宅・土地統計調査(2023)
34215,広島県 江田島市,7320,2023,住宅・土地統計調査(2023)
34302,広島県 府中町,13650,2023,住宅・土地統計調査(2023)
34304,広島県 海田町,7780,2023,住宅・土地統計調査(2023)
34307,広島県 熊野町,7820,2023,住宅・土地統計調査(2023)
34309,広島県 坂町,-,2023,住宅・土地統計調査(2023)
34368,広島県 安芸太田町,-,2023,住宅・土地統計調査(2023)
34369,広島県 北広島町,5780,2023,住宅・土地統計調査(2023)
34431,広島県 大崎上島町,-,2023,住宅・土地統計調査(2023)
34462,広島県 世羅町,4840,2023,住宅・土地統計調査(2023)
34545,広島県 神石高原町,-,2023,住宅・土地統計調査(2023)
35201,山口県 下関市,71190,2023,住宅・土地統計調査(2023)
35202,山口県 宇部市,44290,2023,住宅・土地統計調査(2023)
35203,山口県 山口市,51650,2023,住宅・土地統計調査(2023)
35204,山口県 萩市,14330,2023,住宅・土地統計調査(2023)
35206,山口県 防府市,32600,2023,住宅・土地統計調査(2023)
35207,山口県 下松市,16660,2023,住宅・土地統計調査(2023)
35208,山口県 岩国市,39250,2023,住宅・土地統計調査(2023)
35210,山口県 光市,15590,2023,住宅・土地統計調査(2023)
35211,山口県 長門市,10860,2023,住宅・土地統計調査(2023)
35212,山口県 柳井市,9630,2023,住宅・土地統計調査(2023)
35213,山口県 美祢市,7600,2023,住宅・土地統計調査(2023)
35215,山口県 周南市,42370,2023,住宅・土地統計調査(2023)
35216,山口県 山陽小野田市,17330,2023,住宅・土地統計調査(2023)
35305,山口県 周防大島町,-,2023,住宅・土地統計調査(2023)
35321,山口県 和木町,-,2023,住宅・土地統計調査(2023)
35341,山口県 上関町,-,2023,住宅・土地統計調査(2023)
35343,山口県 田布施町,-,2023,住宅・土地統計調査(2023)
35344,山口県 平生町,-,2023,住宅・土地統計調査(2023)
35502,山口県 阿武町,-,2023,住宅・土地統計調査(2023)
36201,徳島県 徳島市,63690,2023,住宅・土地統計調査(2023)
36202,徳島県 鳴門市,16240,2023,住宅・土地統計調査(2023)
36203,徳島県 小松島市,11140,2023,住宅・土地統計調査(2023)
36204,徳島県 阿南市,21020,2023,住宅・土地統計調査(2023)
36205,徳島県 吉野川市,11460,2023,住宅・土地統計調査(2023)
36206,徳島県 阿波市,10340,2023,住宅・土地統計調査(2023)
36207,徳島県 美馬市,8900,2023,住宅・土地統計調査(2023)
36208,徳島県 三好市,7510,2023,住宅・土地統計調査(2023)
36301,徳島県 勝浦町,-,2023,住宅・土地統計調査(2023)
36302,徳島県 上勝町,-,2023,住宅・土地統計調査(2023)
36321,徳島県 佐那河内村,-,2023,住宅・土地統計調査(2023)
36341,徳島県 石井町,7330,2023,住宅・土地統計調査(2023)
36342,徳島県 神山町,-,2023,住宅・土地統計調査(2023)
36368,徳島県 那賀町,-,2023,住宅・土地統計調査(2023)
36383,徳島県 牟岐町,-,2023,住宅・土地統計調査(2023)
36387,徳島県 美波町,-,2023,住宅・土地統計調査(2023)
36388,徳島県 海陽町,-,2023,住宅・土地統計調査(2023)
36401,徳島県 松茂町,-,2023,住宅・土地統計調査(2023)
36402,徳島県 北島町,6440,2023,住宅・土地統計調査(2023)
36403,徳島県 藍住町,9890,2023,住宅・土地統計調査(2023)
36404,徳島県 板野町,-,2023,住宅・土地統計調査(2023)
36405,徳島県 上板町,-,2023,住宅・土地統計調査(2023)
36468,徳島県 つるぎ町,-,2023,住宅・土地統計調査(2023)
36489,徳島県 東みよし町,-,2023,住宅・土地統計調査(2023)
37201,香川県 高松市,115970,2023,住宅・土地統計調査(2023)
37202,香川県 丸亀市,31760,2023,住宅・土地統計調査(2023)
37203,香川県 坂出市,14630,2023,住宅・土地統計調査(2023)
37204,香川県 善通寺市,8470,2023,住宅・土地統計調査(2023)
37205,香川県 観音寺市,17310,2023,住宅・土地統計調査(2023)
37206,香川県 さぬき市,14860,2023,住宅・土地統計調査(2023)
37207,香川県 東かがわ市,9730,2023,住宅・土地統計調査(2023)
37208,香川県 三豊市,19480,2023,住宅・土地統計調査(2023)
37322,香川県 土庄町,-,2023,住宅・土地統計調査(2023)
37324,香川県 小豆島町,-,2023,住宅・土地統計調査(2023)
37341,香川県 三木町,8540,2023,住宅・土地統計調査(2023)
37364,香川県 直島町,-,2023,住宅・土地統計調査(2023)
37386,香川県 宇多津町,4140,2023,住宅・土地統計調査(2023)
37387,香川県 綾川町,8000,2023,住宅・土地統計調査(2023)
37403,香川県 琴平町,-,2023,住宅・土地統計調査(2023)
37404,香川県 多度津町,6010,2023,住宅・土地統計調査(2023)
37406,香川県 まんのう町,5710,2023,住宅・土地統計調査(2023)
38201,愛媛県 松山市,133330,2023,住宅・土地統計調査(2023)
38202,愛媛県 今治市,45950,2023,住宅・土地統計調査(2023)
38203,愛媛県 宇和島市,20770,2023,住宅・土地統計調査(2023)
38204,愛媛県 八幡浜市,9530,2023,住宅・土地統計調査(2023)
38205,愛媛県 新居浜市,34630,2023,住宅・土地統計調査(2023)
38206,愛媛県 西条市,30720,2023,住宅・土地統計調査(2023)
38207,愛媛県 大洲市,12080,2023,住宅・土地統計調査(2023)
38210,愛媛県 伊予市,11490,2023,住宅・土地統計調査(2023)
38213,愛媛県 四国中央市,22380,2023,住宅・土地統計調査(2023)
38214,愛媛県 西予市,12110,2023,住宅・土地統計調査(2023)
38215,愛媛県 東温市,9520,2023,住宅・土地統計調査(2023)
38356,愛媛県 上島町,-,2023,住宅・土地統計調査(2023)
38386,愛媛県 久万高原町,-,2023,住宅・土地統計調査(2023)
38401,愛媛県 松前町,9250,2023,住宅・土地統計調査(2023)
38402,愛媛県 砥部町,6430,2023,住宅・土地統計調査(2023)
38422,愛媛県 内子町,4970,2023,住宅・土地統計調査(2023)
38442,愛媛県 伊方町,-,2023,住宅・土地統計調査(2023)
38484,愛媛県 松野町,-,2023,住宅・土地統計調査(2023)
38488,愛媛県 鬼北町,-,2023,住宅・土地統計調査(2023)
38506,愛媛県 愛南町,6430,2023,住宅・土地統計調査(2023)
39201,高知県 高知市,86920,2023,住宅・土地統計調査(2023)
39202,高知県 室戸市,4360,2023,住宅・土地統計調査(2023)
39203,高知県 安芸市,5400,2023,住宅・土地統計調査(2023)
39204,高知県 南国市,12630,2023,住宅・土地統計調査(2023)
39205,高知県 土佐市,7630,2023,住宅・土地統計調査(2023)
39206,高知県 須崎市,6400,2023,住宅・土地統計調査(2023)
39208,高知県 宿毛市,5980,2023,住宅・土地統計調査(2023)
39209,高知県 土佐清水市,5040,2023,住宅・土地統計調査(2023)
39210,高知県 四万十市,9630,2023,住宅・土地統計調査(2023)
39211,高知県 香南市,10010,2023,住宅・土地統計調査(2023)
39212,高知県 香美市,8100,2023,住宅・土地統計調査(2023)
39301,高知県 東洋町,-,2023,住宅・土地統計調査(2023)
39302,高知県 奈半利町,-,2023,住宅・土地統計調査(2023)
39303,高知県 田野町,-,2023,住宅・土地統計調査(2023)
39304,高知県 安田町,-,2023,住宅・土地統計調査(2023)
39305,高知県 北川村,-,2023,住宅・土地統計調査(2023)
39306,高知県 馬路村,-,2023,住宅・土地統計調査(2023)
39307,高知県 芸西村,-,2023,住宅・土地統計調査(2023)
39341,高知県 本山町,-,2023,住宅・土地統計調査(2023)
39344,高知県 大豊町,-,2023,住宅・土地統計調査(2023)
39363,高知県 土佐町,-,2023,住宅・土地統計調査(2023)
39364,高知県 大川村,-,2023,住宅・土地統計調査(2023)
39386,高知県 いの町,7430,2023,住宅・土地統計調査(2023)
39387,高知県 仁淀川町,-,2023,住宅・土地統計調査(2023)
39401,高知県 中土佐町,-,2023,住宅・土地統計調査(2023)
39402,高知県 佐川町,-,2023,住宅・土地統計調査(2023)
39403,高知県 越知町,-,2023,住宅・土地統計調査(2023)
39405,高知県 檮原町,-,2023,住宅・土地統計調査(2023)
39410,高知県 日高村,-,2023,住宅・土地統計調査(2023)
39411,高知県 津野町,-,2023,住宅・土地統計調査(2023)
39412,高知県 四万十町,5400,2023,住宅・土地統計調査(2023)
39424,高知県 大月町,-,2023,住宅・土地統計調査(2023)
39427,高知県 三原村,-,2023,住宅・土地統計調査(2023)
39428,高知県 黒潮町,-,2023,住宅・土地統計調査(2023)
40100,福岡県 北九州市,235300,2023,住宅・土地統計調査(2023)
40130,福岡県 福岡市,320300,2023,住宅・土地統計調査(2023)
40202,福岡県 大牟田市,30320,2023,住宅・土地統計調査(2023)
40203,福岡県 久留米市,73910,2023,住宅・土地統計調査(2023)
40204,福岡県 直方市,14850,2023,住宅・土地統計調査(2023)
40205,福岡県 飯塚市,32160,2023,住宅・土地統計調査(2023)
40206,福岡県 田川市,11210,2023,住宅・土地統計調査(2023)
40207,福岡県 柳川市,17210,2023,住宅・土地統計調査(2023)
40210,福岡県 八女市,16920,2023,住宅・土地統計調査(2023)
40211,福岡県 筑後市,12710,2023,住宅・土地統計調査(2023)
40212,福岡県 大川市,8590,2023,住宅・土地統計調査(2023)
40213,福岡県 行橋市,20830,2023,住宅・土地統計調査(2023)
40214,福岡県 豊前市,7810,2023,住宅・土地統計調査(2023)
40215,福岡県 中間市,10940,2023,住宅・土地統計調査(2023)
40216,福岡県 小郡市,18430,2023,住宅・土地統計調査(2023)
40217,福岡県 筑紫野市,27350,2023,住宅・土地統計調査(2023)
40218,福岡県 春日市,26220,2023,住宅・土地統計調査(2023)
40219,福岡県 大野城市,23860,2023,住宅・土地統計調査(2023)
40220,福岡県 宗像市,27850,2023,住宅・土地統計調査(2023)
40221,福岡県 太宰府市,18610,2023,住宅・土地統計調査(2023)
40223,福岡県 古賀市,15490,2023,住宅・土地統計調査(2023)
40224,福岡県 福津市,19720,2023,住宅・土地統計調査(2023)
40225,福岡県 うきは市,7670,2023,住宅・土地統計調査(2023)
40226,福岡県 宮若市,6610,2023,住宅・土地統計調査(2023)
40227,福岡県 嘉麻市,8700,2023,住宅・土地統計調査(2023)
40228,福岡県 朝倉市,14190,2023,住宅・土地統計調査(2023)
40229,福岡県 みやま市,10600,2023,住宅・土地統計調査(2023)
40230,福岡県 糸島市,29250,2023,住宅・土地統計調査(2023)
40231,福岡県 那珂川市,11090,2023,住宅・土地統計調査(2023)
40341,福岡県 宇美町,9540,2023,住宅・土地統計調査(2023)
40342,福岡県 篠栗町,7610,2023,住宅・土地統計調査(2023)
40343,福岡県 志免町,11430,2023,住宅・土地統計調査(2023)
40344,福岡県 須恵町,7670,2023,住宅・土地統計調査(2023)
40345,福岡県 新宮町,8440,2023,住宅・土地統計調査(2023)
40348,福岡県 久山町,-,2023,住宅・土地統計調査(2023)
40349,福岡県 粕屋町,8140,2023,住宅・土地統計調査(2023)
40381,福岡県 芦屋町,-,2023,住宅・土地統計調査(2023)
40382,福岡県 水巻町,7690,2023,住宅・土地統計調査(2023)
40383,福岡県 岡垣町,10170,2023,住宅・土地統計調査(2023)
40384,福岡県 遠賀町,5630,2023,住宅・土地統計調査(2023)
40401,福岡県 小竹町,-,2023,住宅・土地統計調査(2023)
40402,福岡県 鞍手町,4840,2023,住宅・土地統計調査(2023)
40421,福岡県 桂川町,-,2023,住宅・土地統計調査(2023)
40447,福岡県 筑前町,8450,2023,住宅・土地統計調査(2023)
40448,福岡県 東峰村,-,2023,住宅・土地統計調査(2023)
40503,福岡県 大刀洗町,4440,2023,住宅・土地統計調査(2023)
40522,福岡県 大木町,-,2023,住宅・土地統計調査(2023)
40544,福岡県 広川町,5270,2023,住宅・土地統計調査(2023)
40601,福岡県 香春町,-,2023,住宅・土地統計調査(2023)
40602,福岡県 添田町,-,2023,住宅・土地統計調査(2023)
40604,福岡県 糸田町,-,2023,住宅・土地統計調査(2023)
40605,福岡県 川崎町,3770,2023,住宅・土地統計調査(2023)
40608,福岡県 大任町,-,2023,住宅・土地統計調査(2023)
40609,福岡県 赤村,-,2023,住宅・土地統計調査(2023)
40610,福岡県 福智町,5730,2023,住宅・土地統計調査(2023)
40621,福岡県 苅田町,8920,2023,住宅・土地統計調査(2023)
40625,福岡県 みやこ町,6570,2023,住宅・土地統計調査(2023)
40642,福岡県 吉富町,-,2023,住宅・土地統計調査(2023)
40646,福岡県 上毛町,-,2023,住宅・土地統計調査(2023)
40647,福岡県 築上町,5070,2023,住宅・土地統計調査(2023)
41201,佐賀県 佐賀市,57250,2023,住宅・土地統計調査(2023)
41202,佐賀県 唐津市,30770,2023,住宅・土地統計調査(2023)
41203,佐賀県 鳥栖市,16820,2023,住宅・土地統計調査(2023)
41204,佐賀県 多久市,5310,2023,住宅・土地統計調査(2023)
41205,佐賀県 伊万里市,14280,2023,住宅・土地統計調査(2023)
41206,佐賀県 武雄市,12530,2023,住宅・土地統計調査(2023)
41207,佐賀県 鹿島市,7320,2023,住宅・土地統計調査(2023)
41208,佐賀県 小城市,12700,2023,住宅・土地統計調査(2023)
41209,佐賀県 嬉野市,6820,2023,住宅・土地統計調査(2023)
41210,佐賀県 神埼市,8340,2023,住宅・土地統計調査(2023)
41327,佐賀県 吉野ヶ里町,4090,2023,住宅・土地統計調査(2023)
41341,佐賀県 基山町,4980,2023,住宅・土地統計調査(2023)
41345,佐賀県 上峰町,-,2023,住宅・土地統計調査(2023)
41346,佐賀県 みやき町,7570,2023,住宅・土地統計調査(2023)
41387,佐賀県 玄海町,-,2023,住宅・土地統計調査(2023)
41401,佐賀県 有田町,5840,2023,住宅・土地統計調査(2023)
41423,佐賀県 大町町,-,2023,住宅・土地統計調査(2023)
41424,佐賀県 江北町,-,2023,住宅・土地統計調査(2023)
41425,佐賀県 白石町,6390,2023,住宅・土地統計調査(2023)
41441,佐賀県 太良町,-,2023,住宅・土地統計調査(2023)
42201,長崎県 長崎市,105080,2023,住宅・土地統計調査(2023)
42202,長崎県 佐世保市,60610,2023,住宅・土地統計調査(2023)
42203,長崎県 島原市,10830,2023,住宅・土地統計調査(2023)
42204,長崎県 諫早市,33330,2023,住宅・土地統計調査(2023)
42205,長崎県 大村市,24880,2023,住宅・土地統計調査(2023)
42207,長崎県 平戸市,8850,2023,住宅・土地統計調査(2023)
42208,長崎県 松浦市,6220,2023,住宅・土地統計調査(2023)
42209,長崎県 対馬市,7700,2023,住宅・土地統計調査(2023)
42210,長崎県 壱岐市,8090,2023,住宅・土地統計調査(2023)
42211,長崎県 五島市,12260,2023,住宅・土地統計調査(2023)
42212,長崎県 西海市,7070,2023,住宅・土地統計調査(2023)
42213,長崎県 雲仙市,11990,2023,住宅・土地統計調査(2023)
42214,長崎県 南島原市,12980,2023,住宅・土地統計調査(2023)
42307,長崎県 長与町,11090,2023,住宅・土地統計調査(2023)
42308,長崎県 時津町,7390,2023,住宅・土地統計調査(2023)
42321,長崎県 東彼杵町,-,2023,住宅・土地統計調査(2023)
42322,長崎県 川棚町,-,2023,住宅・土地統計調査(2023)
42323,長崎県 波佐見町,-,2023,住宅・土地統計調査(2023)
42383,長崎県 小値賀町,-,2023,住宅・土地統計調査(2023)
42391,長崎県 佐々町,-,2023,住宅・土地統計調査(2023)
42411,長崎県 新上五島町,6270,2023,住宅・土地統計調査(2023)
43100,熊本県 熊本市,171800,2023,住宅・土地統計調査(2023)
43202,熊本県 八代市,32550,2023,住宅・土地統計調査(2023)
43203,熊本県 人吉市,8280,2023,住宅・土地統計調査(2023)
43204,熊本県 荒尾市,14930,2023,住宅・土地統計調査(2023)
43205,熊本県 水俣市,7020,2023,住宅・土地統計調査(2023)
43206,熊本県 玉名市,18430,2023,住宅・土地統計調査(2023)
43208,熊本県 山鹿市,14340,2023,住宅・土地統計調査(2023)
43210,熊本県 菊池市,12990,2023,住宅・土地統計調査(2023)
43211,熊本県 宇土市,9470,2023,住宅・土地統計調査(2023)
43212,熊本県 上天草市,7840,2023,住宅・土地統計調査(2023)
43213,熊本県 宇城市,15320,2023,住宅・土地統計調査(2023)
43214,熊本県 阿蘇市,7530,2023,住宅・土地統計調査(2023)
43215,熊本県 天草市,22630,2023,住宅・土地統計調査(2023)
43216,熊本県 合志市,17060,2023,住宅・土地統計調査(2023)
43348,熊本県 美里町,-,2023,住宅・土地統計調査(2023)
43364,熊本県 玉東町,-,2023,住宅・土地統計調査(2023)
43367,熊本県 南関町,-,2023,住宅・土地統計調査(2023)
43368,熊本県 長洲町,4830,2023,住宅・土地統計調査(2023)
43369,熊本県 和水町,-,2023,住宅・土地統計調査(2023)
43403,熊本県 大津町,8770,2023,住宅・土地統計調査(2023)
43404,熊本県 菊陽町,8760,2023,住宅・土地統計調査(2023)
43423,熊本県 南小国町,-,2023,住宅・土地統計調査(2023)
43424,熊本県 小国町,-,2023,住宅・土地統計調査(2023)
43425,熊本県 産山村,-,2023,住宅・土地統計調査(2023)
43428,熊本県 高森町,-,2023,住宅・土地統計調査(2023)
43432,熊本県 西原村,-,2023,住宅・土地統計調査(2023)
43433,熊本県 南阿蘇村,-,2023,住宅・土地統計調査(2023)
43441,熊本県 御船町,5170,2023,住宅・土地統計調査(2023)
43442,熊本県 嘉島町,-,2023,住宅・土地統計調査(2023)
43443,熊本県 益城町,8920,2023,住宅・土地統計調査(2023)
43444,熊本県 甲佐町,-,2023,住宅・土地統計調査(2023)
43447,熊本県 山都町,-,2023,住宅・土地統計調査(2023)
43468,熊本県 氷川町,-,2023,住宅・土地統計調査(2023)
43482,熊本県 芦北町,4360,2023,住宅・土地統計調査(2023)
43484,熊本県 津奈木町,-,2023,住宅・土地統計調査(2023)
43501,熊本県 錦町,-,2023,住宅・土地統計調査(2023)
43505,熊本県 多良木町,-,2023,住宅・土地統計調査(2023)
43506,熊本県 湯前町,-,2023,住宅・土地統計調査(2023)
43507,熊本県 水上村,-,2023,住宅・土地統計調査(2023)
43510,熊本県 相良村,-,2023,住宅・土地統計調査(2023)
43511,熊本県 五木村,-,2023,住宅・土地統計調査(2023)
43512,熊本県 山江村,-,2023,住宅・土地統計調査(2023)
43513,熊本県 球磨村,-,2023,住宅・土地統計調査(2023)
43514,熊本県 あさぎり町,-,2023,住宅・土地統計調査(2023)
43531,熊本県 苓北町,-,2023,住宅・土地統計調査(2023)
44201,大分県 大分市,116170,2023,住宅・土地統計調査(2023)
44202,大分県 別府市,27380,2023,住宅・土地統計調査(2023)
44203,大分県 中津市,24180,2023,住宅・土地統計調査(2023)
44204,大分県 日田市,16370,2023,住宅・土地統計調査(2023)
44205,大分県 佐伯市,21470,2023,住宅・土地統計調査(2023)
44206,大分県 臼杵市,11220,2023,住宅・土地統計調査(2023)
44207,大分県 津久見市,5210,2023,住宅・土地統計調査(2023)
44208,大分県 竹田市,6290,2023,住宅・土地統計調査(2023)
44209,大分県 豊後高田市,7380,2023,住宅・土地統計調査(2023)
44210,大分県 杵築市,8100,2023,住宅・土地統計調査(2023)
44211,大分県 宇佐市,15590,2023,住宅・土地統計調査(2023)
44212,大分県 豊後大野市,10290,2023,住宅・土地統計調査(2023)
44213,大分県 由布市,9370,2023,住宅・土地統計調査(2023)
44214,大分県 国東市,8290,2023,住宅・土地統計調査(2023)
44322,大分県 姫島村,-,2023,住宅・土地統計調査(2023)
44341,大分県 日出町,8170,2023,住宅・土地統計調査(2023)
44461,大分県 九重町,-,2023,住宅・土地統計調査(2023)
44462,大分県 玖珠町,-,2023,住宅・土地統計調査(2023)
45201,宮崎県 宮崎市,104900,2023,住宅・土地統計調査(2023)
45202,宮崎県 都城市,48530,2023,住宅・土地統計調査(2023)
45203,宮崎県 延岡市,33010,2023,住宅・土地統計調査(2023)
45204,宮崎県 日南市,15150,2023,住宅・土地統計調査(2023)
45205,宮崎県 小林市,13540,2023,住宅・土地統計調査(2023)
45206,宮崎県 日向市,15710,2023,住宅・土地統計調査(2023)
45207,宮崎県 串間市,5190,2023,住宅・土地統計調査(2023)
45208,宮崎県 西都市,8640,2023,住宅・土地統計調査(2023)
45209,宮崎県 えびの市,6140,2023,住宅・土地統計調査(2023)
45341,宮崎県 三股町,8110,2023,住宅・土地統計調査(2023)
45361,宮崎県 高原町,-,2023,住宅・土地統計調査(2023)
45382,宮崎県 国富町,6120,2023,住宅・土地統計調査(2023)
45383,宮崎県 綾町,-,2023,住宅・土地統計調査(2023)
45401,宮崎県 高鍋町,5670,2023,住宅・土地統計調査(2023)
45402,宮崎県 新富町,4800,2023,住宅・土地統計調査(2023)
45403,宮崎県 西米良村,-,2023,住宅・土地統計調査(2023)
45404,宮崎県 木城町,-,2023,住宅・土地統計調査(2023)
45405,宮崎県 川南町,4670,2023,住宅・土地統計調査(2023)
45406,宮崎県 都農町,-,2023,住宅・土地統計調査(2023)
45421,宮崎県 門川町,5550,2023,住宅・土地統計調査(2023)
45429,宮崎県 諸塚村,-,2023,住宅・土地統計調査(2023)
45430,宮崎県 椎葉村,-,2023,住宅・土地統計調査(2023)
45431,宮崎県 美郷町,-,2023,住宅・土地統計調査(2023)
45441,宮崎県 高千穂町,-,2023,住宅・土地統計調査(2023)
45442,宮崎県 日之影町,-,2023,住宅・土地統計調査(2023)
45443,宮崎県 五ヶ瀬町,-,2023,住宅・土地統計調査(2023)
46201,鹿児島県 鹿児島市,153190,2023,住宅・土地統計調査(2023)
46203,鹿児島県 鹿屋市,28720,2023,住宅・土地統計調査(2023)
46204,鹿児島県 枕崎市,7430,2023,住宅・土地統計調査(2023)
46206,鹿児島県 阿久根市,5610,2023,住宅・土地統計調査(2023)
46208,鹿児島県 出水市,15900,2023,住宅・土地統計調査(2023)
46210,鹿児島県 指宿市,12490,2023,住宅・土地統計調査(2023)
46213,鹿児島県 西之表市,4450,2023,住宅・土地統計調査(2023)
46214,鹿児島県 垂水市,4890,2023,住宅・土地統計調査(2023)
46215,鹿児島県 薩摩川内市,25250,2023,住宅・土地統計調査(2023)
46216,鹿児島県 日置市,14550,2023,住宅・土地統計調査(2023)
46217,鹿児島県 曽於市,11340,2023,住宅・土地統計調査(2023)
46218,鹿児島県 霧島市,33040,2023,住宅・土地統計調査(2023)
46219,鹿児島県 いちき串木野市,8070,2023,住宅・土地統計調査(2023)
46220,鹿児島県 南さつま市,10290,2023,住宅・土地統計調査(2023)
46221,鹿児島県 志布志市,9290,2023,住宅・土地統計調査(2023)
46222,鹿児島県 奄美市,9130,2023,住宅・土地統計調査(2023)
46223,鹿児島県 南九州市,11090,2023,住宅・土地統計調査(2023)
46224,鹿児島県 伊佐市,8360,2023,住宅・土地統計調査(2023)
46225,鹿児島県 姶良市,22710,2023,住宅・土地統計調査(2023)
46303,鹿児島県 三島村,-,2023,住宅・土地統計調査(2023)
46304,鹿児島県 十島村,-,2023,住宅・土地統計調査(2023)
46392,鹿児島県 さつま町,6970,2023,住宅・土地統計調査(2023)
46404,鹿児島県 長島町,-,2023,住宅・土地統計調査(2023)
46452,鹿児島県 湧水町,-,2023,住宅・土地統計調査(2023)
46468,鹿児島県 大崎町,-,2023,住宅・土地統計調査(2023)
46482,鹿児島県 東串良町,-,2023,住宅・土地統計調査(2023)
46490,鹿児島県 錦江町,-,2023,住宅・土地統計調査(2023)
46491,鹿児島県 南大隅町,-,2023,住宅・土地統計調査(2023)
46492,鹿児島県 肝付町,-,2023,住宅・土地統計調査(2023)
46501,鹿児島県 中種子町,-,2023,住宅・土地統計調査(2023)
46502,鹿児島県 南種子町,-,2023,住宅・土地統計調査(2023)
46505,鹿児島県 屋久島町,-,2023,住宅・土地統計調査(2023)
46523,鹿児島県 大和村,-,2023,住宅・土地統計調査(2023)
46524,鹿児島県 宇検村,-,2023,住宅・土地統計調査(2023)
46525,鹿児島県 瀬戸内町,-,2023,住宅・土地統計調査(2023)
46527,鹿児島県 龍郷町,-,2023,住宅・土地統計調査(2023)
46529,鹿児島県 喜界町,-,2023,住宅・土地統計調査(2023)
46530,鹿児島県 徳之島町,-,2023,住宅・土地統計調査(2023)
46531,鹿児島県 天城町,-,2023,住宅・土地統計調査(2023)
46532,鹿児島県 伊仙町,-,2023,住宅・土地統計調査(2023)
46533,鹿児島県 和泊町,-,2023,住宅・土地統計調査(2023)
46534,鹿児島県 知名町,-,2023,住宅・土地統計調査(2023)
46535,鹿児島県 与論町,-,2023,住宅・土地統計調査(2023)
47201,沖縄県 那覇市,51360,2023,住宅・土地統計調査(2023)
47205,沖縄県 宜野湾市,14960,2023,住宅・土地統計調査(2023)
47207,沖縄県 石垣市,7340,2023,住宅・土地統計調査(2023)
47208,沖縄県 浦添市,17600,2023,住宅・土地統計調査(2023)
47209,沖縄県 名護市,11180,2023,住宅・土地統計調査(2023)
47210,沖縄県 糸満市,10830,2023,住宅・土地統計調査(2023)
47211,沖縄県 沖縄市,24760,2023,住宅・土地統計調査(2023)
47212,沖縄県 豊見城市,11170,2023,住宅・土地統計調査(2023)
47213,沖縄県 うるま市,26110,2023,住宅・土地統計調査(2023)
47214,沖縄県 宮古島市,10760,2023,住宅・土地統計調査(2023)
47215,沖縄県 南城市,11130,2023,住宅・土地統計調査(2023)
47301,沖縄県 国頭村,-,2023,住宅・土地統計調査(2023)
47302,沖縄県 大宜味村,-,2023,住宅・土地統計調査(2023)
47303,沖縄県 東村,-,2023,住宅・土地統計調査(2023)
47306,沖縄県 今帰仁村,-,2023,住宅・土地統計調査(2023)
47308,沖縄県 本部町,-,2023,住宅・土地統計調査(2023)
47311,沖縄県 恩納村,-,2023,住宅・土地統計調査(2023)
47313,沖縄県 宜野座村,-,2023,住宅・土地統計調査(2023)
47314,沖縄県 金武町,-,2023,住宅・土地統計調査(2023)
47315,沖縄県 伊江村,-,2023,住宅・土地統計調査(2023)
47324,沖縄県 読谷村,9140,2023,住宅・土地統計調査(2023)
47325,沖縄県 嘉手納町,-,2023,住宅・土地統計調査(2023)
47326,沖縄県 北谷町,6040,2023,住宅・土地統計調査(2023)
47327,沖縄県 北中城村,3920,2023,住宅・土地統計調査(2023)
47328,沖縄県 中城村,4660,2023,住宅・土地統計調査(2023)
47329,沖縄県 西原町,6120,2023,住宅・土地統計調査(2023)
47348,沖縄県 与那原町,2760,2023,住宅・土地統計調査(2023)
47350,沖縄県 南風原町,6050,2023,住宅・土地統計調査(2023)
47353,沖縄県 渡嘉敷村,-,2023,住宅・土地統計調査(2023)
47354,沖縄県 座間味村,-,2023,住宅・土地統計調査(2023)
47355,沖縄県 粟国村,-,2023,住宅・土地統計調査(2023)
47356,沖縄県 渡名喜村,-,2023,住宅・土地統計調査(2023)
47357,沖縄県 南大東村,-,2023,住宅・土地統計調査(2023)
47358,沖縄県 北大東村,-,2023,住宅・土地統計調査(2023)
47359,沖縄県 伊平屋村,-,2023,住宅・土地統計調査(2023)
47360,沖縄県 伊是名村,-,2023,住宅・土地統計調査(2023)
47361,沖縄県 久米島町,-,2023,住宅・土地統計調査(2023)
47362,沖縄県 八重瀬町,7060,2023,住宅・土地統計調査(2023)
47375,沖縄県 多良間村,-,2023,住宅・土地統計調査(2023)
47381,沖縄県 竹富町,-,2023,住宅・土地統計調査(2023)
47382,沖縄県 与那国町,-,2023,住宅・土地統計調査(2023)
